Transaction_ID,Date,Region,Product_Variant,Channel,Unit_Price,Units_Sold,Marketing_Spend,Logistics_Delay,Customer_Score
10001,2023-08-19 20:49:39.828943640,TH-NORTH,EnergyShot,extreme sports,35.49080237694725,175378,159339.26565926796,36,51
10002,2023-12-17 01:11:46.372912140,ASIA-PACIFIC,Sugarfree,extreme sports,47.01428612819832,255259,217964.0704406977,5,47
10003,2023-05-10 23:53:46.311749414,TH-EAST,Sugarfree,f1 sponsorship,42.6398788362281,70948,75497.13602804924,64,4
10004,2023-08-07 00:05:26.468154764,TH-NORTH,Original,f1 sponsorship,39.97316968394073,233937,210041.26953671582,5,7
10005,2024-08-15 21:44:20.957006824,ASIA-PACIFIC,Original,TV Ad,31.12037280884873,256841,222601.80921344538,49,35
10006,2024-11-14 23:55:03.424616608,TH-SOUTH,Sugarfree,TV Ad,31.119890406724053,77161,80137.49740016676,21,48
10007,2024-11-03 07:07:03.311375648,TH-SOUTH,EnergyShot,f1 sponsorship,29.161672243363988,258375,220318.86386084382,87,73
10008,2025-05-30 13:15:06.836322464,USA-EAST,Original,f1 sponsorship,45.3235229154987,283556,248290.71356855842,24,72
10009,2024-06-12 04:47:43.627312064,USA-EAST,EnergyShot,extreme sports,40.022300234864176,223659,195367.7662096475,78,45
10010,2023-04-20 20:52:57.645822746,USA-WEST,Original,TV Ad,42.161451555920905,227214,206953.9363649976,71,81
10011,2024-11-28 05:43:04.036996152,TH-EAST,Sugarfree,Social Media,28.411689885916047,299250,248883.0535117747,50,81
10012,2025-06-07 05:16:43.089171376,USA-WEST,Sugarfree,extreme sports,47.39819704323989,190787,171096.25010518907,87,97
10013,2023-10-02 00:52:00.975404852,USA-WEST,Original,extreme sports,44.648852816008436,99959,111577.27640324988,47,96
10014,2023-09-20 00:37:25.927433840,USA-WEST,Original,TV Ad,32.246782213565524,248815,217506.16681521112,69,72
10015,2024-08-07 23:00:19.915361752,TH-SOUTH,Original,f1 sponsorship,31.636499344142013,188029,172897.15550232626,64,19
10016,2024-10-26 11:27:35.460128256,EUROPE-EU,EnergyShot,TV Ad,31.668090197068675,104573,166239.08474419132,59,63
10017,2025-03-29 11:40:43.944466840,TH-SOUTH,Sugarfree,in-store promo,34.08484485919075,101147,100727.11110280766,45,38
10018,2024-09-04 19:29:09.071810384,USA-EAST,EnergyShot,Social Media,38.49512863264476,232482,201266.85391657733,35,67
10019,2024-01-28 09:06:52.184175252,TH-EAST,Original,f1 sponsorship,36.638900372842315,53353,66333.45517201925,57,59
10020,2024-06-17 02:45:21.953354976,ASIA-PACIFIC,EnergyShot,Social Media,33.82458280396084,278991,234857.41415893225,75,69
10021,2024-02-03 18:05:12.135912440,USA-WEST,Sugarfree,Social Media,40.23705789444759,118438,115164.69215409695,37,13
10022,2024-10-24 03:37:31.331562928,TH-EAST,Sugarfree,extreme sports,30.789877213040835,72010,75554.93055799809,10,47
10023,2025-11-16 20:17:12.497332320,TH-EAST,Sugarfree,Social Media,33.84289297070436,148395,138473.30662048375,11,61
10024,2024-04-04 19:38:10.778490504,TH-NORTH,Sugarfree,TV Ad,35.327236865873836,52646,58493.98185130663,41,31
10025,2024-10-06 01:43:25.535416264,TH-CENTRAL,Sugarfree,Social Media,37.121399684340716,212427,186925.23885299327,38,80
10026,2025-07-29 04:27:43.510531504,USA-WEST,Sugarfree,Social Media,43.70351922786027,272843,230541.10208907124,70,96
10027,2023-02-22 13:45:15.531746501,ASIA-PACIFIC,EnergyShot,extreme sports,31.993475643167194,254402,217452.60142770174,10,22
10028,2023-02-13 08:06:58.625995909,TH-NORTH,Sugarfree,in-store promo,38.28468876827223,72259,75473.89468957622,35,93
10029,2024-04-14 12:26:01.510818304,USA-WEST,Original,f1 sponsorship,39.84829137724085,61016,75254.22742154637,51,86
10030,2025-10-24 17:16:21.239991088,ASIA-PACIFIC,Original,extreme sports,28.929008254399953,244136,212686.89646485282,30,43
10031,2025-12-17 05:20:56.365073584,TH-NORTH,EnergyShot,f1 sponsorship,40.150897038028766,279547,234850.85492062318,32,67
10032,2025-07-06 05:51:31.021516432,ASIA-PACIFIC,Sugarfree,extreme sports,31.41048247374583,153122,142133.96596669784,12,54
10033,2024-10-15 19:17:36.666149296,TH-NORTH,Sugarfree,Social Media,29.30103185970559,162623,149794.2233827532,17,10
10034,2025-05-05 04:57:01.212820640,USA-EAST,Sugarfree,f1 sponsorship,46.977710745066666,116919,113652.40827714518,40,42
10035,2023-06-23 03:49:21.625633256,ASIA-PACIFIC,Original,extreme sports,47.31264066149119,253255,228853.0236512828,57,64
10036,2023-05-01 00:23:02.076349580,USA-WEST,Sugarfree,f1 sponsorship,44.167946962329225,200875,178980.58105847117,55,21
10037,2025-07-17 11:23:22.266444784,USA-WEST,EnergyShot,TV Ad,34.09227538346741,110373,107650.3154334737,23,80
10038,2025-03-19 11:51:13.153686976,USA-EAST,EnergyShot,TV Ad,29.95344228012768,112562,109756.57421085032,72,76
10039,2025-11-27 08:07:44.077441872,USA-EAST,Sugarfree,Social Media,41.684660530243136,269985,228240.01461272046,30,66
10040,2023-12-15 11:55:25.723197180,USA-WEST,Original,f1 sponsorship,36.80304987479202,38533,52726.80478116429,54,41
10041,2023-02-25 11:12:59.524885682,ASIA-PACIFIC,EnergyShot,in-store promo,30.440764696895577,118171,114545.31454532768,9,24
10042,2025-11-18 08:58:37.736270480,ASIA-PACIFIC,Original,f1 sponsorship,37.903538202225405,168233,160871.3362432738,59,35
10043,2024-02-10 12:26:21.347886968,TH-NORTH,EnergyShot,TV Ad,28.687770422304368,77048,79643.49241986492,1,56
10044,2023-11-10 05:55:56.023355884,ASIA-PACIFIC,EnergyShot,TV Ad,46.186408041575646,64024,68419.75083991796,14,30
10045,2023-10-29 04:08:58.737967752,TH-CENTRAL,Sugarfree,in-store promo,33.17559963200034,248756,213055.266218112,2,57
10046,2023-10-14 14:38:21.803304340,TH-CENTRAL,Sugarfree,in-store promo,41.25044568707964,270944,228880.87772970146,42,94
10047,2024-11-13 08:22:13.900546144,EUROPE-EU,Sugarfree,Social Media,34.23422152178822,155671,214721.2841596379,30,47
10048,2023-11-05 13:10:45.203601792,TH-NORTH,Original,TV Ad,38.40136042355621,262238,229757.57794746954,69,35
10049,2024-04-29 06:03:03.766381664,EUROPE-EU,Original,Social Media,38.934205586865595,166422,160622.39421167428,66,19
10050,2025-02-14 17:29:47.246200728,TH-EAST,Sugarfree,f1 sponsorship,31.69708911051054,246780,212451.62419806837,55,8
10051,2025-09-29 01:58:27.351425680,TH-EAST,Sugarfree,in-store promo,47.39169255529117,132867,126808.52767822008,62,26
10052,2025-08-27 15:00:18.188647024,EUROPE-EU,Sugarfree,Social Media,43.502656467222295,168475,183253.5722958077,74,71
10053,2025-02-04 18:20:10.897991800,TH-SOUTH,Original,Social Media,46.78997883128378,281264,247767.1062778329,14,30
10054,2024-08-29 13:48:58.202729328,USA-WEST,EnergyShot,TV Ad,45.89654700855297,94349,95145.54476782549,9,7
10055,2023-12-06 07:03:46.305594452,ASIA-PACIFIC,EnergyShot,Social Media,39.9579995762217,135228,127979.94925821612,37,67
10056,2023-05-29 09:45:48.557263572,TH-SOUTH,Sugarfree,TV Ad,46.437484700462335,157863,146009.47546201712,46,65
10057,2024-07-23 11:27:35.148155272,TH-EAST,Sugarfree,extreme sports,29.76985004103839,73837,77603.09740401035,56,36
10058,2025-08-15 20:31:50.823186256,EUROPE-EU,EnergyShot,extreme sports,31.919657248382904,28957,66207.72209301135,49,25
10059,2025-09-14 04:36:55.336064112,TH-CENTRAL,Sugarfree,extreme sports,28.90454577821076,251812,215944.5732643249,70,37
10060,2023-05-21 07:17:38.832770382,TH-SOUTH,Original,extreme sports,34.506606615265284,287623,245358.87456551724,14,1
10061,2023-08-13 19:31:00.050389440,EUROPE-EU,Original,in-store promo,35.77354579378964,100359,130945.01276593174,17,15
10062,2023-09-24 05:25:10.205360120,TH-NORTH,EnergyShot,extreme sports,33.42698063547792,62210,67529.96723893065,81,37
10063,2024-11-01 01:51:02.182062520,TH-CENTRAL,EnergyShot,in-store promo,44.57475018303859,57311,63162.3521381153,87,13
10064,2023-10-20 16:03:12.454945264,ASIA-PACIFIC,Original,extreme sports,35.135066533871786,262932,228263.64127205973,1,8
10065,2024-08-17 03:08:25.829295400,USA-EAST,Sugarfree,f1 sponsorship,33.61869019374762,152933,142762.849945536,83,5
10066,2024-04-27 11:20:58.372092760,USA-EAST,EnergyShot,TV Ad,38.85392166316497,117843,114005.46331247839,42,60
10067,2023-10-25 18:44:12.504599380,USA-WEST,Original,in-store promo,30.818484499495252,152636,145292.2542478799,25,73
10068,2024-07-22 02:58:06.533013208,USA-WEST,Original,TV Ad,44.043939615080795,102798,113660.81893846946,70,1
10069,2025-02-01 23:51:28.255588992,TH-CENTRAL,EnergyShot,f1 sponsorship,29.491012873595416,160110,147807.155061524,37,36
10070,2024-10-28 18:26:13.834717896,TH-EAST,EnergyShot,Social Media,47.73773873201034,260683,221911.27938358736,41,35
10071,2023-02-01 14:37:15.344256684,TH-EAST,Original,Social Media,43.44489538593315,174353,168460.27421241914,4,66
10072,2025-12-11 02:04:46.147958448,TH-NORTH,EnergyShot,Social Media,31.974313630683447,215472,188930.7545620351,10,63
10073,2024-11-25 04:01:03.251653976,EUROPE-EU,Sugarfree,in-store promo,28.110442342472048,22450,122934.13524686731,64,23
10074,2023-11-28 11:44:41.964344832,EUROPE-EU,Original,f1 sponsorship,44.30922856909668,105459,197701.17570210376,33,9
10075,2023-09-17 02:43:27.167648972,USA-EAST,Sugarfree,f1 sponsorship,42.13714687695234,207688,183323.41697587445,0,34
10076,2023-02-01 22:34:49.258343345,TH-NORTH,EnergyShot,TV Ad,42.58014336081975,69731,73912.3995504113,82,46
10077,2024-01-13 12:11:54.562631776,USA-WEST,Sugarfree,extreme sports,43.42540693371892,182745,164528.57062311692,1,78
10078,2025-06-05 08:34:25.011298496,EUROPE-EU,EnergyShot,in-store promo,29.480893034681806,94997,101348.69926195161,84,4
10079,2023-09-09 14:41:52.022192796,TH-EAST,Original,TV Ad,35.169314570885454,238257,210819.13392671855,19,30
10080,2024-10-08 11:27:04.048327800,EUROPE-EU,EnergyShot,in-store promo,30.317381190502594,78561,135187.5416933879,60,95
10081,2023-12-24 18:47:58.248396020,TH-EAST,Original,extreme sports,45.26206851751187,283691,248936.83303929743,86,75
10082,2024-08-24 20:37:31.550337672,EUROPE-EU,Sugarfree,f1 sponsorship,40.46596253655116,27084,68500.08758779276,20,99
10083,2023-10-13 09:33:24.878630832,TH-NORTH,EnergyShot,TV Ad,34.617960497052984,238519,206069.57254803172,87,72
10084,2023-02-10 23:08:12.398248639,USA-WEST,EnergyShot,extreme sports,29.27116700572047,208373,184740.3467084313,67,3
10085,2024-11-22 07:57:18.999711744,TH-SOUTH,EnergyShot,Social Media,34.21964643431325,234785,203499.7661181411,11,14
10086,2024-05-29 18:29:11.117682560,TH-SOUTH,EnergyShot,in-store promo,34.50366644053494,114780,111505.95909809126,21,60
10087,2024-09-27 00:03:45.565427544,USA-EAST,Original,extreme sports,42.59212356676128,148770,148410.89787648013,19,77
10088,2025-10-14 12:30:05.667391424,TH-SOUTH,EnergyShot,Social Media,40.75114942710427,242712,209301.7039447417,81,45
10089,2023-01-26 00:04:34.798148150,TH-EAST,Sugarfree,in-store promo,45.744254851526534,97047,96508.266324171,0,96
10090,2024-09-27 05:15:30.500716576,TH-CENTRAL,Sugarfree,extreme sports,37.44429850323898,94467,95206.63935773043,29,34
10091,2025-10-21 05:48:18.909211136,TH-NORTH,Original,TV Ad,30.391884918766035,172260,160210.19065898645,23,45
10092,2023-08-01 05:46:38.704418604,USA-WEST,Original,f1 sponsorship,42.2648957444599,157203,154712.71590597116,13,61
10093,2023-07-19 23:07:30.340944692,TH-SOUTH,Sugarfree,TV Ad,43.21570097233795,108440,106452.49408258658,35,83
10094,2025-08-19 10:26:10.366905072,TH-NORTH,Sugarfree,extreme sports,39.22554395138992,111270,109615.13010496456,68,16
10095,2024-10-21 05:19:24.001859384,USA-EAST,Sugarfree,in-store promo,43.41934359909122,107120,105569.0326413131,74,66
10096,2023-12-16 18:38:47.474413872,TH-EAST,EnergyShot,in-store promo,37.87591192728782,236359,204302.41239969752,23,40
10097,2025-07-16 16:25:20.064850160,TH-CENTRAL,Sugarfree,f1 sponsorship,38.45465658763988,202797,180380.17311249214,59,17
10098,2023-10-31 13:35:04.981216860,EUROPE-EU,Original,in-store promo,36.55082036717099,161888,216483.43668205055,54,34
10099,2024-08-28 08:20:14.364705928,TH-CENTRAL,Original,TV Ad,28.508382534881903,289699,245094.60566280436,76,16
10100,2024-10-18 09:16:56.411211944,USA-EAST,Sugarfree,f1 sponsorship,30.157828539866088,156167,144832.85925439728,79,60
10101,2024-04-02 01:14:03.351468104,ASIA-PACIFIC,Original,f1 sponsorship,28.628583713734685,54774,63338.77628108977,23,66
10102,2025-06-24 13:36:04.229414160,TH-EAST,EnergyShot,Social Media,40.72820822527561,54279,59618.46208240709,76,66
10103,2025-12-01 13:16:33.141799696,USA-EAST,EnergyShot,f1 sponsorship,34.287119621526536,112487,109133.00785432383,23,90
10104,2023-01-13 15:59:15.742540449,TH-CENTRAL,Original,in-store promo,38.17141382329406,272164,236508.91787049017,53,13
10105,2024-08-13 13:46:38.905261288,EUROPE-EU,EnergyShot,Social Media,46.15132947852186,138037,154642.61099417496,25,56
10106,2023-05-03 15:21:16.764865278,USA-EAST,Sugarfree,in-store promo,32.9858445829775,105456,104357.30321602583,65,31
10107,2024-03-18 11:01:30.681971408,TH-CENTRAL,Original,in-store promo,36.207658460712594,129087,129833.35890220391,79,34
10108,2023-09-15 09:32:53.820876992,EUROPE-EU,EnergyShot,in-store promo,43.11102277086097,139513,169719.02148093417,37,39
10109,2024-09-17 12:23:58.348075064,TH-SOUTH,Original,Social Media,32.575963309832446,197905,180589.93162756844,64,67
10110,2023-08-17 03:33:50.542287768,TH-SOUTH,Sugarfree,in-store promo,29.53959819657586,77134,80783.901956581,74,8
10111,2024-02-18 05:02:30.028324952,ASIA-PACIFIC,EnergyShot,f1 sponsorship,33.79502905827536,294587,245406.3353090352,50,87
10112,2023-05-15 03:06:37.497756476,USA-WEST,Sugarfree,in-store promo,31.22442574508009,175166,158954.44539655777,34,78
10113,2023-12-02 17:55:38.899433212,EUROPE-EU,Original,extreme sports,46.59395304685146,10,77137.66355845585,42,55
10114,2023-10-08 00:35:41.079264040,TH-SOUTH,Original,extreme sports,44.16240759128834,256444,228727.05066922674,28,27
10115,2024-09-09 17:23:45.695594800,ASIA-PACIFIC,EnergyShot,f1 sponsorship,40.66807513020847,60829,64927.68621588576,36,93
10116,2025-11-29 23:33:35.673165216,TH-EAST,Sugarfree,extreme sports,45.429211803754356,273744,231547.08663550255,80,53
10117,2024-01-08 09:38:35.935990860,TH-NORTH,EnergyShot,extreme sports,44.07344153798229,299548,249313.13125779649,57,39
10118,2025-08-12 15:41:37.558450240,TH-EAST,Original,Social Media,31.731401177720716,211418,190086.35983130077,53,65
10119,2023-07-27 01:07:00.484736978,EUROPE-EU,EnergyShot,extreme sports,45.85117996979956,212335,204089.44421479796,38,17
10120,2025-05-29 10:06:37.857919408,ASIA-PACIFIC,Sugarfree,in-store promo,38.786844838313016,121515,117460.56729349728,41,30
10121,2024-10-06 19:46:55.963042624,TH-CENTRAL,Original,f1 sponsorship,44.14880310328125,270063,238315.37054678675,27,53
10122,2024-09-10 22:29:12.712309840,TH-SOUTH,EnergyShot,f1 sponsorship,45.92182599846986,170593,155942.79322167352,28,13
10123,2025-04-25 11:39:44.057224688,USA-WEST,Original,Social Media,34.36006949943728,218664,196477.68931951097,42,21
10124,2025-01-02 10:06:23.770503752,TH-NORTH,EnergyShot,TV Ad,30.201038490553536,278913,234821.5431822559,2,19
10125,2025-06-11 09:14:10.108247248,USA-EAST,Sugarfree,TV Ad,32.55870325083883,294005,245035.99519510166,9,53
10126,2025-09-18 01:36:16.827193856,TH-NORTH,EnergyShot,in-store promo,36.54215577252513,252825,216640.87131933487,58,19
10127,2025-04-04 07:21:47.717384672,TH-CENTRAL,Sugarfree,Social Media,44.36029531844986,113443,110603.501396406,13,57
10128,2023-03-22 10:30:49.239753189,USA-EAST,EnergyShot,TV Ad,45.21461166512687,290745,243309.50331041648,75,25
10129,2023-08-16 15:59:03.221764700,USA-WEST,EnergyShot,f1 sponsorship,28.139042610623815,197493,175623.90624871437,46,86
10130,2024-11-14 12:53:09.727660112,USA-WEST,EnergyShot,Social Media,38.214946051551316,280538,236128.49527039196,41,31
10131,2025-06-17 02:04:00.386885568,USA-WEST,Original,f1 sponsorship,36.34822006297558,202118,185221.00516287037,31,81
10132,2025-01-18 18:47:53.936569936,ASIA-PACIFIC,Sugarfree,TV Ad,32.442156209414605,114398,111447.7923695441,31,55
10133,2023-01-10 04:27:38.726175604,ASIA-PACIFIC,EnergyShot,TV Ad,30.397307346673657,129505,124004.90482856319,41,23
10134,2023-04-08 01:27:12.938255813,USA-WEST,Original,extreme sports,34.75230342807256,169556,160094.3554205881,31,32
10135,2024-08-27 01:10:46.730673360,TH-SOUTH,EnergyShot,Social Media,46.858194078250385,241744,208002.9683119764,25,62
10136,2023-11-03 02:14:46.463862808,ASIA-PACIFIC,Sugarfree,f1 sponsorship,34.464058640415104,117468,113596.51026806698,0,74
10137,2025-03-20 11:24:07.367884576,TH-CENTRAL,EnergyShot,extreme sports,38.37581243486732,183382,165946.2332268384,55,10
10138,2025-09-22 22:02:30.836402752,ASIA-PACIFIC,Original,Social Media,42.060379177903556,111978,119124.99871528031,1,72
10139,2024-06-13 09:51:07.115459888,TH-EAST,Sugarfree,TV Ad,35.27259204758588,247940,213153.88092702144,80,54
10140,2025-09-07 16:13:43.264568368,TH-EAST,Original,TV Ad,47.435641654419214,137497,143345.6187535901,29,52
10141,2023-06-10 08:41:05.028611238,TH-SOUTH,EnergyShot,Social Media,47.24894589884222,59857,65344.565370577046,70,20
10142,2023-08-17 12:41:33.258182972,USA-WEST,EnergyShot,Social Media,33.035645916507285,80293,83210.50429630728,51,32
10143,2023-08-31 09:43:54.951608772,USA-EAST,Original,in-store promo,37.94497011784771,48683,62220.93352392646,8,14
10144,2023-12-30 06:21:08.517038572,TH-NORTH,EnergyShot,Social Media,34.017566196335395,163222,149860.58920286503,21,50
10145,2023-02-01 02:55:38.536077119,TH-EAST,EnergyShot,extreme sports,33.69680988754935,66772,71267.45946964543,33,28
10146,2025-12-17 12:24:55.646393424,TH-SOUTH,Original,TV Ad,28.737738947090655,64997,72827.99386192643,48,53
10147,2025-01-19 19:57:03.252231984,EUROPE-EU,Sugarfree,TV Ad,40.19128667959794,270815,238209.6520076754,0,24
10148,2024-03-04 23:46:41.916333920,TH-CENTRAL,EnergyShot,extreme sports,38.05358046457723,264547,224531.01443521108,72,79
10149,2023-03-27 01:26:06.737194788,EUROPE-EU,Sugarfree,f1 sponsorship,29.029575024999787,149729,140417.3193622732,83,22
10150,2024-02-15 14:54:29.695514704,TH-SOUTH,EnergyShot,Social Media,33.572929284732226,296278,247161.06417004115,52,30
10151,2023-02-18 06:39:08.773195750,ASIA-PACIFIC,Original,f1 sponsorship,46.165317719333075,27676,50037.30563413262,82,63
10152,2023-11-22 17:48:05.379107472,USA-WEST,Sugarfree,f1 sponsorship,32.79123781333945,192687,172795.89125467878,39,4
10153,2025-05-07 14:18:14.715168128,USA-WEST,Sugarfree,extreme sports,30.897897441824462,193975,173285.635474374,44,77
10154,2023-10-19 22:09:47.168205448,USA-WEST,Sugarfree,extreme sports,37.789055205551264,151776,141488.61117397764,67,59
10155,2023-12-04 07:57:00.191733692,TH-CENTRAL,EnergyShot,Social Media,47.71300908221201,137684,129389.59458685857,8,87
10156,2025-05-12 04:40:50.489387088,USA-WEST,EnergyShot,Social Media,32.84110543023001,151170,141076.62709612152,21,8
10157,2023-02-24 04:43:17.154037866,TH-CENTRAL,Sugarfree,in-store promo,41.44271094811757,141662,132992.0872159361,17,82
10158,2024-09-24 02:07:39.101022456,TH-SOUTH,Original,in-store promo,43.232392306574354,211309,196098.4954964599,75,12
10159,2025-12-28 15:00:53.302190544,TH-CENTRAL,Sugarfree,TV Ad,32.752750879847994,73343,77071.08699465681,42,31
10160,2025-03-03 03:48:09.729553432,USA-WEST,Original,Social Media,42.56432697223719,75327,89527.84411822603,38,78
10161,2024-05-30 18:14:41.551662856,TH-CENTRAL,EnergyShot,in-store promo,35.355662654385064,83578,86103.64567848473,72,34
10162,2023-07-17 04:12:43.563723384,EUROPE-EU,Original,TV Ad,40.64611661187159,73725,102494.1170242529,5,82
10163,2023-11-13 19:29:40.193465212,ASIA-PACIFIC,Sugarfree,Social Media,40.670594215217896,169693,155051.68375631666,82,98
10164,2024-01-07 15:28:44.446798476,TH-NORTH,Original,f1 sponsorship,38.71549368149517,58517,72241.74946764375,47,75
10165,2025-08-28 22:53:45.716250320,TH-EAST,Sugarfree,TV Ad,29.805795401088165,263660,223633.8590653008,6,76
10166,2025-07-05 07:41:44.828315632,TH-SOUTH,EnergyShot,in-store promo,44.70604991178476,111796,109472.30626169447,79,49
10167,2024-10-03 08:56:14.564225440,ASIA-PACIFIC,Original,f1 sponsorship,34.41560129943472,72955,82507.59749374157,68,79
10168,2024-08-18 22:39:02.546194224,TH-CENTRAL,Sugarfree,extreme sports,31.730370207997083,210063,185124.26191964865,15,57
10169,2025-12-06 16:35:29.879231712,USA-WEST,EnergyShot,f1 sponsorship,28.81550283109528,53139,57617.26011986386,0,95
10170,2025-05-28 22:19:41.272809520,ASIA-PACIFIC,Original,in-store promo,39.81785886376484,184611,173993.71297483283,36,93
10171,2023-03-23 16:09:55.776534566,EUROPE-EU,Sugarfree,extreme sports,41.55128723684565,214631,189639.68613529997,82,26
10172,2024-01-03 01:15:08.959018012,TH-NORTH,EnergyShot,TV Ad,28.331756578557123,91622,92983.30627734383,36,18
10173,2024-05-27 23:41:26.490509496,TH-SOUTH,Original,Social Media,38.24186116598562,43207,58392.81468872686,80,96
10174,2024-07-07 17:22:35.147203512,TH-NORTH,EnergyShot,TV Ad,32.52991550395876,128646,122729.07178388991,63,86
10175,2023-12-01 03:46:02.383106328,TH-EAST,EnergyShot,TV Ad,40.903455808188994,64870,69718.84604838729,85,38
10176,2024-10-25 00:13:56.733269824,TH-EAST,EnergyShot,extreme sports,31.487328580099827,69657,73295.56993466741,61,81
10177,2023-01-16 19:44:24.717045602,TH-EAST,Sugarfree,f1 sponsorship,41.81875476204932,101382,100852.2462889729,71,87
10178,2023-04-08 23:59:45.532758067,TH-CENTRAL,EnergyShot,extreme sports,35.734706926010745,111864,109093.58492535187,60,88
10179,2024-08-12 15:00:41.609048784,USA-WEST,EnergyShot,extreme sports,46.73459977473469,171249,155994.06820428412,32,50
10180,2023-07-29 23:47:02.510360060,ASIA-PACIFIC,Sugarfree,f1 sponsorship,30.750418882919867,209820,185678.3771006026,65,8
10181,2024-01-06 15:17:18.228842512,USA-WEST,Sugarfree,Social Media,34.82132702100517,187382,168554.18817403697,29,41
10182,2024-08-12 18:38:24.474435072,TH-EAST,EnergyShot,f1 sponsorship,30.269470424811782,76106,79672.06745790337,19,6
10183,2023-10-19 20:39:45.590641692,ASIA-PACIFIC,Original,in-store promo,46.49387236557126,65778,84417.20649052528,59,69
10184,2025-10-06 13:19:38.790025936,ASIA-PACIFIC,Original,f1 sponsorship,45.54678706761962,250304,225753.8499585829,81,44
10185,2025-09-26 16:32:51.529099856,TH-SOUTH,Sugarfree,in-store promo,33.15883255430311,178198,161670.46301282273,73,64
10186,2024-09-03 18:32:32.153982384,TH-EAST,EnergyShot,Social Media,41.199680920683576,263793,223987.5665795378,23,29
10187,2025-01-04 19:01:25.934087232,EUROPE-EU,Original,TV Ad,44.34444400402432,98183,124309.30226397488,3,28
10188,2023-10-08 03:07:10.286723288,TH-NORTH,Original,Social Media,39.10401623198925,183511,172880.00148626475,36,11
10189,2025-06-15 07:40:11.926829632,TH-SOUTH,Sugarfree,Social Media,38.59301156712013,169587,154732.68321092217,3,65
10190,2025-12-16 05:16:18.530565712,TH-CENTRAL,Original,f1 sponsorship,32.83704581800903,111243,113824.69796409251,76,19
10191,2024-10-31 16:46:57.233163800,TH-EAST,Original,f1 sponsorship,29.862055356117985,150836,143983.07440671907,76,9
10192,2023-12-22 05:06:41.251137160,USA-WEST,Sugarfree,in-store promo,45.944315159066534,163710,150498.1753653864,17,27
10193,2024-01-20 11:39:29.527507272,TH-CENTRAL,EnergyShot,extreme sports,46.00836114326661,88221,90154.19495133572,87,34
10194,2024-07-20 07:10:06.839293160,TH-NORTH,EnergyShot,extreme sports,40.66202914546536,116111,113002.07447534631,65,44
10195,2023-10-05 04:47:30.754346804,TH-CENTRAL,EnergyShot,Social Media,34.780595820974014,241879,208281.9501013951,47,68
10196,2025-06-06 14:05:14.457174512,TH-SOUTH,EnergyShot,extreme sports,34.98419149225322,277175,233157.64789082544,32,82
10197,2024-04-27 13:38:47.521557816,USA-WEST,EnergyShot,in-store promo,42.51911357740479,126970,121958.8187090599,57,15
10198,2025-05-23 20:58:19.653506048,TH-EAST,EnergyShot,Social Media,45.94220519905154,114044,111394.45644180363,82,51
10199,2024-11-28 06:09:55.327914376,EUROPE-EU,Sugarfree,extreme sports,45.741728485302346,10,89039.4329143765,72,13
10200,2023-07-10 15:29:55.699699128,TH-EAST,EnergyShot,Social Media,43.597510917152476,211417,185698.23373011625,27,83
10201,2025-05-08 05:59:32.086128880,USA-EAST,Sugarfree,extreme sports,40.84063292308576,118336,114619.94033326746,34,49
10202,2025-08-31 15:25:07.994891280,USA-WEST,Sugarfree,extreme sports,29.682799299900978,297624,247549.9078198377,9,70
10203,2025-09-30 01:59:59.224204064,TH-CENTRAL,Original,extreme sports,31.232574281892276,113780,115136.96041279065,64,56
10204,2025-03-26 14:18:23.162123184,ASIA-PACIFIC,Original,f1 sponsorship,45.97108377054158,120230,128827.20935652564,41,76
10205,2025-12-09 06:09:02.534624816,TH-CENTRAL,EnergyShot,TV Ad,40.1285811931918,190246,170666.83924240695,84,51
10206,2023-03-18 05:16:55.509763007,TH-EAST,EnergyShot,f1 sponsorship,28.183941032332594,244704,210336.85863826098,8,37
10207,2023-01-24 02:37:39.170164512,TH-CENTRAL,EnergyShot,in-store promo,30.02943085732064,154773,143903.73306912673,59,17
10208,2023-12-15 22:03:57.369234960,ASIA-PACIFIC,Sugarfree,f1 sponsorship,41.27003538216111,143368,134531.20675779166,14,58
10209,2025-04-10 20:10:44.442294888,TH-NORTH,Sugarfree,Social Media,28.101231676924375,299609,249127.56671896167,56,87
10210,2023-05-18 05:41:00.757609390,TH-NORTH,Original,Social Media,31.216161028349973,41010,52098.72822798889,68,90
10211,2024-03-28 05:20:11.573211032,EUROPE-EU,Sugarfree,in-store promo,38.97467578733172,270581,229013.05777024917,21,29
10212,2024-02-12 22:43:27.952246728,TH-NORTH,Sugarfree,Social Media,41.83790395385387,76148,79828.16518794748,63,33
10213,2024-10-17 07:51:40.918300824,EUROPE-EU,EnergyShot,TV Ad,41.03922519005201,167718,207185.05524178268,40,60
10214,2025-08-08 03:56:46.945005296,USA-EAST,Original,extreme sports,32.4853861892112,188452,173586.31196925958,86,91
10215,2023-03-02 04:57:01.390500843,TH-NORTH,EnergyShot,f1 sponsorship,42.24358442695072,123379,118369.45709961842,70,89
10216,2024-04-24 14:04:23.145153240,USA-EAST,Sugarfree,f1 sponsorship,32.744981749936,264662,224774.99110420368,55,55
10217,2025-08-24 08:15:20.574767776,TH-SOUTH,Original,Social Media,34.507993963185356,40141,52581.44559619839,22,10
10218,2023-09-21 23:45:15.614654388,EUROPE-EU,EnergyShot,TV Ad,42.92982810236048,41534,95338.13041498474,24,47
10219,2024-05-13 18:14:06.492581344,USA-WEST,Original,TV Ad,40.992657980944294,169679,163378.5592499072,5,23
10220,2023-02-16 17:33:33.915189985,USA-EAST,Original,in-store promo,44.98446820988356,110853,120308.4520099396,33,85
10221,2025-05-03 15:17:26.173229664,TH-EAST,Original,f1 sponsorship,41.15225784600687,180571,172075.4990636655,62,21
10222,2025-04-09 20:39:29.263444232,USA-EAST,Sugarfree,Social Media,39.36617206670943,49077,54822.038681733364,8,13
10223,2023-01-10 06:11:06.627344721,EUROPE-EU,Sugarfree,Social Media,29.87349535656185,52741,73291.7860963425,59,33
10224,2024-11-17 14:19:36.314141352,TH-CENTRAL,Original,Social Media,35.35431606118867,64389,75419.24804368784,48,24
10225,2024-07-15 22:04:04.042578416,EUROPE-EU,Sugarfree,TV Ad,33.30404735363451,66823,87856.72918320188,50,11
10226,2025-11-06 22:47:42.303855568,USA-EAST,Sugarfree,in-store promo,32.87979286758167,152271,141866.28816010855,59,17
10227,2023-02-18 22:56:08.410196340,USA-WEST,EnergyShot,extreme sports,47.46021109504891,230983,200425.73990871423,69,68
10228,2024-02-22 07:31:04.543442248,TH-EAST,Sugarfree,extreme sports,35.861954493335205,273602,231107.7675857802,36,47
10229,2025-04-25 15:22:52.564553680,TH-NORTH,EnergyShot,Social Media,45.84093110354227,253781,217074.5060568492,30,25
10230,2023-08-25 06:40:36.528310692,EUROPE-EU,Original,Social Media,40.62277251994526,39449,89377.57435513672,40,94
10231,2024-06-04 07:22:11.948928168,EUROPE-EU,EnergyShot,Social Media,43.89622607083297,142121,138230.1104461265,61,73
10232,2023-10-12 05:45:45.708421560,USA-WEST,Sugarfree,Social Media,38.052741862103844,87904,89882.31955170701,57,21
10233,2023-06-29 07:24:26.971669156,TH-SOUTH,Original,Social Media,39.53807769252718,94052,102894.36333343814,13,84
10234,2025-01-31 02:04:33.416504824,TH-NORTH,EnergyShot,f1 sponsorship,37.85035387637728,164641,150709.39630237722,35,83
10235,2024-08-17 08:25:21.915679704,TH-EAST,EnergyShot,extreme sports,31.90485975596089,59176,63621.804944704505,35,83
10236,2024-08-21 02:05:40.176904128,ASIA-PACIFIC,Sugarfree,extreme sports,42.44904230523011,91942,93634.86591865464,78,12
10237,2024-03-08 07:05:48.474763192,EUROPE-EU,Sugarfree,TV Ad,33.61544724881712,280387,237075.63226142345,7,37
10238,2023-01-21 18:06:14.764361124,TH-SOUTH,Sugarfree,TV Ad,28.486319328629076,154332,143223.2585316978,25,42
10239,2024-09-18 17:20:52.054045008,TH-EAST,Sugarfree,f1 sponsorship,40.909445918143355,148580,139077.30519557444,35,17
10240,2023-02-21 07:59:13.605252875,TH-SOUTH,Sugarfree,in-store promo,31.542213588140978,46975,52913.43095025578,47,48
10241,2024-02-28 13:23:31.102847680,USA-EAST,Sugarfree,TV Ad,46.80917168705828,99221,99479.94941166916,84,28
10242,2024-09-07 09:26:38.324260888,TH-NORTH,Sugarfree,TV Ad,47.07857154005175,262501,223258.48719643627,27,41
10243,2023-05-05 15:01:13.738698262,TH-NORTH,Original,in-store promo,46.29728780440897,64171,82925.68565173374,67,99
10244,2023-10-02 18:44:14.310708540,TH-CENTRAL,Original,TV Ad,35.40317400510889,133851,133024.9879069442,61,47
10245,2025-03-06 10:31:33.890015120,ASIA-PACIFIC,Original,Social Media,28.30913233057735,43152,52866.18117340025,79,18
10246,2025-03-08 07:40:46.346239704,TH-CENTRAL,Original,f1 sponsorship,46.566371251754504,140694,145667.09633411118,85,78
10247,2023-05-17 09:36:24.590862624,TH-SOUTH,Sugarfree,TV Ad,36.563682966346285,48346,54204.22134524343,75,99
10248,2023-09-16 03:55:27.218835924,ASIA-PACIFIC,EnergyShot,extreme sports,47.33309638087339,249602,213921.91061315997,79,71
10249,2024-11-11 19:49:20.489383496,USA-WEST,Original,f1 sponsorship,47.272399541785056,233873,214970.75349742072,50,13
10250,2023-12-04 06:49:00.881402760,USA-WEST,EnergyShot,extreme sports,45.060189109347206,241336,207548.43766047398,41,82
10251,2025-12-20 04:17:54.779664304,TH-SOUTH,EnergyShot,in-store promo,33.888977841391714,108096,106672.81377822364,28,13
10252,2025-01-02 02:24:54.745160544,USA-EAST,Original,f1 sponsorship,35.7019545720385,246729,217447.4436443636,81,31
10253,2024-05-22 09:27:49.133874600,ASIA-PACIFIC,EnergyShot,f1 sponsorship,45.02273343033714,173984,158599.62652105384,9,2
10254,2024-01-22 20:54:52.906403828,TH-EAST,Original,Social Media,34.33844010312555,124231,124761.62177340049,38,16
10255,2023-03-16 11:53:15.735181076,EUROPE-EU,Original,extreme sports,31.38985493372185,189785,175065.9919408466,81,9
10256,2024-09-28 04:36:57.745628168,EUROPE-EU,Original,TV Ad,39.136025249167005,10,52468.2092120748,0,73
10257,2024-04-12 19:06:29.216798824,TH-NORTH,Sugarfree,in-store promo,46.723095483215616,75120,78592.17552015043,38,38
10258,2024-06-11 04:55:17.689954584,ASIA-PACIFIC,EnergyShot,extreme sports,41.920595933499456,228789,198458.70763405255,20,75
10259,2023-08-28 15:53:03.477741736,ASIA-PACIFIC,EnergyShot,extreme sports,39.4012234017873,98955,98832.3217432306,64,54
10260,2025-01-04 00:33:21.079053704,ASIA-PACIFIC,Original,Social Media,29.943529875415372,185023,169601.8234657499,14,56
10261,2024-11-25 13:22:26.065585960,ASIA-PACIFIC,Original,f1 sponsorship,40.3001445339834,123319,127020.52056460593,3,86
10262,2025-10-05 16:08:52.162172464,TH-EAST,EnergyShot,Social Media,47.801077002085265,260067,220961.1557598523,59,97
10263,2024-01-04 00:32:00.909587248,USA-EAST,EnergyShot,TV Ad,30.801680304730482,287696,240483.06119932872,60,87
10264,2025-10-23 12:59:32.118610336,TH-SOUTH,Original,extreme sports,38.36659304727473,258425,226712.94567403808,19,45
10265,2024-09-13 21:49:20.244171112,USA-WEST,EnergyShot,in-store promo,45.54746143855911,105790,104123.99893871933,9,34
10266,2025-10-20 05:35:01.998777824,TH-CENTRAL,Sugarfree,Social Media,42.81537235508409,86128,88832.57380921645,86,9
10267,2024-08-14 12:12:13.502292232,USA-EAST,EnergyShot,f1 sponsorship,41.94031481990536,157491,144886.97872414702,33,88
10268,2025-08-12 00:48:02.210377952,USA-EAST,EnergyShot,Social Media,42.049681679742186,45085,51466.830167236054,47,8
10269,2025-08-03 14:48:47.333502656,TH-EAST,Original,Social Media,35.1898230243951,42348,55161.87857263635,32,7
10270,2025-02-16 02:54:10.254987632,USA-EAST,Sugarfree,extreme sports,33.871836885289866,176761,160658.12792460003,60,36
10271,2025-11-25 02:30:02.582732560,TH-CENTRAL,Original,Social Media,44.18722310957027,154677,154089.8808330572,9,18
10272,2025-02-05 08:09:30.712848024,TH-CENTRAL,EnergyShot,in-store promo,44.20226789358362,298525,248916.39780705198,53,3
10273,2023-01-30 07:19:22.848883027,TH-NORTH,EnergyShot,Social Media,45.341446371602075,88402,90368.36707275163,83,28
10274,2024-08-26 10:05:35.563651376,TH-EAST,Original,TV Ad,46.26481105112943,86155,101620.78583209368,64,70
10275,2023-02-01 10:37:45.097895746,USA-WEST,Sugarfree,in-store promo,38.22684797721875,68161,72708.12846525734,76,44
10276,2023-12-29 01:53:18.969112488,TH-CENTRAL,EnergyShot,extreme sports,38.03032589374399,277147,233508.60193074893,0,21
10277,2023-08-26 02:47:37.866206928,USA-WEST,Original,in-store promo,43.9659035793355,224490,205562.24889169013,4,28
10278,2025-11-20 01:45:23.339784800,TH-CENTRAL,EnergyShot,TV Ad,40.999278615555305,250064,214467.8222913695,79,54
10279,2023-12-14 17:32:42.972803968,EUROPE-EU,Original,TV Ad,42.03933754515407,138143,230552.75759290173,14,54
10280,2023-01-25 00:33:54.202408411,USA-EAST,EnergyShot,in-store promo,43.91585338872202,170388,154979.99734516765,27,65
10281,2024-12-21 18:28:17.738647472,ASIA-PACIFIC,Original,f1 sponsorship,45.800106836351326,135090,140238.63829014474,22,21
10282,2024-12-07 10:22:06.253944728,USA-WEST,Sugarfree,f1 sponsorship,34.75990313703072,120629,116078.2947331233,16,99
10283,2025-08-20 20:42:40.481107024,EUROPE-EU,EnergyShot,in-store promo,35.511659052798876,151841,167842.92286957108,12,13
10284,2025-08-24 03:00:44.705916944,USA-WEST,Original,in-store promo,29.87963879681738,147494,140855.6793579645,13,57
10285,2024-01-09 20:50:11.866498440,TH-NORTH,EnergyShot,extreme sports,39.565602819923484,150881,140313.11732111502,10,49
10286,2024-09-05 10:59:00.562394056,TH-NORTH,Original,Social Media,28.71884547593484,279109,237385.5727462278,27,54
10287,2023-02-09 20:12:55.579482540,ASIA-PACIFIC,EnergyShot,TV Ad,37.3119603626492,295592,246806.30285582604,41,10
10288,2024-11-12 05:47:17.965634272,TH-SOUTH,Original,in-store promo,38.852892694151535,233268,209296.87786591615,60,53
10289,2023-02-02 22:18:40.805593669,TH-EAST,Original,extreme sports,33.73082504256569,225628,201351.61804938567,63,44
10290,2025-06-15 05:45:45.589075936,TH-NORTH,EnergyShot,Social Media,39.81666521138021,211245,186111.6323558203,30,47
10291,2024-12-12 23:00:45.473964352,TH-CENTRAL,Sugarfree,TV Ad,28.610004998780987,80184,83214.97046670274,80,53
10292,2025-02-06 12:57:24.960048648,TH-CENTRAL,EnergyShot,f1 sponsorship,28.746963774984287,56657,61821.16417513091,72,74
10293,2024-03-03 14:19:48.400362216,TH-SOUTH,Sugarfree,TV Ad,44.45201121319317,213969,188145.26302265262,9,46
10294,2023-05-17 21:21:54.025310350,TH-CENTRAL,EnergyShot,TV Ad,35.20381282822526,224074,195757.2444513152,7,13
10295,2025-09-03 11:58:01.224002048,TH-CENTRAL,Original,TV Ad,30.541210253037697,49660,59394.59821962796,20,37
10296,2024-01-24 05:40:06.644936824,USA-EAST,Original,f1 sponsorship,38.444865201096086,270585,235610.35004576962,76,24
10297,2023-12-11 01:57:01.115048008,EUROPE-EU,EnergyShot,TV Ad,43.39987106197222,10,68228.1278889355,58,2
10298,2024-08-09 20:13:28.107327856,TH-SOUTH,Sugarfree,TV Ad,32.316420549936865,109273,107180.10675424048,49,86
10299,2023-06-18 01:14:47.795606190,USA-EAST,EnergyShot,in-store promo,40.45780951638,209721,184477.9625597409,68,81
10300,2024-08-14 21:16:13.058634768,EUROPE-EU,EnergyShot,TV Ad,29.70694929987536,48645,83974.51888089527,69,14
10301,2024-06-26 22:25:21.234179888,USA-EAST,EnergyShot,in-store promo,29.033634423372153,55588,61083.177688448886,29,10
10302,2025-03-26 04:05:02.859830616,USA-EAST,EnergyShot,TV Ad,38.627092631362956,120429,116229.29783282997,16,35
10303,2025-06-14 20:47:33.224748816,TH-SOUTH,EnergyShot,f1 sponsorship,38.81270243220213,233915,203194.3149710358,74,25
10304,2025-01-06 17:30:19.455013632,TH-SOUTH,EnergyShot,in-store promo,40.74859802996413,140537,132735.73579705207,19,3
10305,2024-12-10 12:13:55.656846496,EUROPE-EU,EnergyShot,f1 sponsorship,42.52182667445323,83371,180594.58438158786,47,17
10306,2023-05-09 15:57:43.081566702,EUROPE-EU,EnergyShot,in-store promo,47.517041589250695,181909,165923.81944562733,72,12
10307,2024-04-02 02:32:31.220813576,TH-NORTH,Sugarfree,TV Ad,38.326006966023904,48925,54443.69640511608,1,54
10308,2024-03-17 02:37:02.844026824,TH-CENTRAL,Sugarfree,Social Media,34.45912945882492,297135,247707.99740914133,36,24
10309,2024-08-04 20:28:27.678818232,USA-WEST,Sugarfree,TV Ad,43.90372389537407,52742,58285.617763877555,0,29
10310,2024-07-16 05:38:30.142774008,EUROPE-EU,Sugarfree,in-store promo,33.416645025241486,272668,243560.547529697,3,43
10311,2025-11-10 10:15:30.523861856,TH-NORTH,Sugarfree,TV Ad,36.77942841411272,175712,159972.83567287965,53,25
10312,2024-08-21 03:37:58.173079040,USA-EAST,Original,TV Ad,29.56912762684532,286479,242631.8054130133,24,60
10313,2024-09-28 03:20:10.830995888,EUROPE-EU,Original,extreme sports,28.50701486830915,6709,72950.7198827671,2,90
10314,2024-12-05 17:53:03.098674360,TH-CENTRAL,EnergyShot,TV Ad,47.2529682935585,161320,148081.70383710263,8,65
10315,2023-06-24 04:35:44.429520692,USA-WEST,Original,TV Ad,44.71960241024412,66402,83900.81837321172,85,84
10316,2024-03-15 23:45:30.675422888,TH-SOUTH,Sugarfree,in-store promo,41.919484121873964,54080,60194.97540448848,86,28
10317,2024-12-03 17:01:00.024731880,TH-EAST,Original,in-store promo,36.1790588882854,186183,173505.8230124623,75,16
10318,2024-11-01 06:30:25.827162120,EUROPE-EU,Original,TV Ad,31.465886401416917,442,91556.68419233829,73,47
10319,2025-05-31 13:35:34.425872992,USA-EAST,EnergyShot,in-store promo,31.12874085342172,187014,167539.4036575092,33,81
10320,2023-07-25 04:31:43.593579706,EUROPE-EU,EnergyShot,Social Media,33.004857963291904,46759,72472.89638979713,42,92
10321,2025-02-22 17:52:35.911736920,TH-EAST,EnergyShot,extreme sports,38.98453329412241,120263,116397.29428654055,73,58
10322,2024-09-08 13:42:01.888719184,ASIA-PACIFIC,Original,f1 sponsorship,42.29191845400125,226710,206326.51161064944,21,76
10323,2025-04-29 13:41:06.784730128,ASIA-PACIFIC,Sugarfree,f1 sponsorship,41.203947534354626,146166,137410.30436843753,69,27
10324,2024-01-22 04:26:47.169395128,USA-WEST,Sugarfree,Social Media,33.598677938918854,197123,175549.0829794673,1,53
10325,2025-05-24 18:26:11.453350928,USA-WEST,Original,f1 sponsorship,47.097305613263885,185162,179491.58814910922,65,42
10326,2024-02-03 03:53:59.387679324,ASIA-PACIFIC,Sugarfree,f1 sponsorship,42.75793833391537,256221,218751.00879745872,31,59
10327,2023-09-03 00:55:46.944828516,TH-SOUTH,EnergyShot,in-store promo,39.087081050228015,118996,114984.55888132827,15,47
10328,2025-06-11 22:06:41.230423904,USA-WEST,Sugarfree,Social Media,40.234414924687044,212948,187459.11251650352,75,94
10329,2023-03-03 04:27:46.956188183,USA-EAST,Original,extreme sports,36.3920012485558,282306,242323.16140923314,0,34
10330,2025-04-16 05:38:27.274084400,TH-EAST,Sugarfree,TV Ad,32.95461979002315,224134,196048.6668715736,71,37
10331,2024-09-22 16:22:31.867722192,TH-SOUTH,EnergyShot,extreme sports,35.11945357302523,159839,147974.09534354892,47,6
10332,2023-05-20 11:31:49.275558076,TH-NORTH,Sugarfree,f1 sponsorship,43.15692220928738,197015,176143.48889838584,49,7
10333,2025-06-13 22:09:41.750728784,TH-CENTRAL,EnergyShot,Social Media,28.287869772595116,228327,197936.57955262164,12,96
10334,2025-02-23 10:47:14.250375808,USA-EAST,Original,f1 sponsorship,30.321452810138325,188833,172455.1531387745,14,96
10335,2023-12-08 12:54:37.112110532,TH-NORTH,EnergyShot,f1 sponsorship,28.920052840435055,47051,53335.16269796783,52,25
10336,2025-05-23 21:51:33.125773072,TH-CENTRAL,Sugarfree,f1 sponsorship,28.814576046379404,87117,88954.69953744518,43,33
10337,2023-12-04 13:37:33.975109788,TH-SOUTH,EnergyShot,in-store promo,45.10921168022014,247597,212093.6434430932,7,55
10338,2024-07-30 01:43:28.482530056,TH-CENTRAL,EnergyShot,in-store promo,42.07315718760047,105938,104530.12946249693,73,58
10339,2025-09-27 15:57:02.082684048,EUROPE-EU,EnergyShot,Social Media,37.4834765817465,166826,196312.42391222678,45,7
10340,2023-03-30 06:51:58.937382589,TH-NORTH,Original,TV Ad,29.95668321302003,125958,124424.04304833974,68,57
10341,2023-11-01 08:00:40.939829336,USA-EAST,Sugarfree,f1 sponsorship,37.83231750233665,168659,154376.86563158862,18,12
10342,2025-01-17 19:31:27.004313000,TH-NORTH,EnergyShot,Social Media,37.469435415611315,58052,63594.65996388074,37,16
10343,2023-05-05 19:25:10.336081972,EUROPE-EU,EnergyShot,in-store promo,31.464037398200304,83956,86245.1122099419,10,80
10344,2025-10-25 01:30:23.169540432,EUROPE-EU,Sugarfree,in-store promo,36.677032984759464,210033,241439.3927038469,42,43
10345,2025-02-03 13:01:00.527709648,TH-NORTH,Original,in-store promo,35.970094687947466,262018,228027.6106893828,19,77
10346,2025-11-19 09:43:12.581130880,EUROPE-EU,Original,f1 sponsorship,40.317001961044326,93577,180455.02217981004,19,7
10347,2025-04-24 14:09:16.933156800,USA-EAST,Original,TV Ad,40.701873017352874,141981,141928.91947714746,20,51
10348,2024-09-19 02:57:46.656651408,TH-NORTH,Original,f1 sponsorship,28.90608019544089,205706,185152.25857904475,81,73
10349,2024-09-05 15:14:12.085356312,USA-EAST,EnergyShot,extreme sports,35.49225229252942,194216,173722.0578187878,56,32
10350,2025-12-14 09:51:06.043623648,TH-SOUTH,Original,TV Ad,40.51719831428473,170084,163710.4511209224,49,75
10351,2025-08-06 06:41:52.818983632,ASIA-PACIFIC,Original,f1 sponsorship,38.062725171601755,47197,61835.414372708365,73,8
10352,2023-10-13 12:10:04.736803068,TH-EAST,Original,f1 sponsorship,45.12979682376644,183517,176560.52213230138,25,97
10353,2024-12-05 02:27:23.802333224,TH-EAST,Sugarfree,extreme sports,41.1738726323789,235686,203784.00891423368,29,87
10354,2024-04-28 10:04:18.668131328,TH-SOUTH,Original,TV Ad,31.258688541628594,293847,248816.3309291151,72,89
10355,2025-10-24 18:27:54.981370352,TH-EAST,Sugarfree,extreme sports,29.411374948008596,46475,52215.71051886193,30,72
10356,2024-09-08 11:34:44.336289224,ASIA-PACIFIC,EnergyShot,extreme sports,40.84838556412631,224818,196034.6906621353,41,45
10357,2024-01-29 15:52:02.289898764,TH-SOUTH,Sugarfree,Social Media,28.530226210832435,182018,164357.86318719608,67,86
10358,2025-05-30 01:15:10.625929424,TH-SOUTH,EnergyShot,TV Ad,39.71551162546926,146097,136810.43521619134,60,59
10359,2025-09-21 21:57:42.075806416,TH-CENTRAL,Original,in-store promo,46.80460482849915,55219,75514.03491427418,60,4
10360,2023-07-26 16:32:33.764707240,TH-EAST,EnergyShot,in-store promo,39.509483557517584,139882,131817.02972697525,69,67
10361,2024-08-22 06:43:22.215890784,EUROPE-EU,Sugarfree,TV Ad,35.76339852413044,88950,120875.43659722706,77,29
10362,2023-04-06 03:17:01.459412668,TH-CENTRAL,EnergyShot,Social Media,40.86576436884707,112873,110565.97779574845,67,29
10363,2024-07-29 23:42:48.485292160,TH-CENTRAL,Sugarfree,TV Ad,37.16505780983033,225566,196175.92466444153,16,98
10364,2023-10-29 16:23:11.461452124,TH-CENTRAL,Sugarfree,Social Media,38.9123357863187,217188,190145.10425685276,18,98
10365,2024-06-18 14:41:11.511330752,TH-NORTH,Sugarfree,in-store promo,46.8292961755305,186204,167804.01819618233,50,28
10366,2023-09-22 06:32:16.911041616,EUROPE-EU,Original,f1 sponsorship,35.722052756015486,221105,237732.96265867446,69,77
10367,2025-12-24 18:09:09.857832320,USA-WEST,Original,f1 sponsorship,47.22381127647829,107682,119970.8768361709,62,79
10368,2024-12-14 15:47:36.255393648,TH-EAST,EnergyShot,TV Ad,46.107012839121275,99348,98760.38754203591,74,87
10369,2023-06-17 04:18:42.865979442,TH-SOUTH,Original,extreme sports,31.915822695785927,198898,181180.6626196799,79,44
10370,2024-05-04 16:42:06.695522648,TH-NORTH,Sugarfree,extreme sports,29.38722601750331,88754,89762.8121874806,29,90
10371,2025-06-21 19:27:10.329449808,EUROPE-EU,Original,extreme sports,30.01556002754853,101959,113002.10143668493,24,4
10372,2023-01-31 10:26:21.328554031,TH-SOUTH,Sugarfree,Social Media,28.364436513030995,94359,94920.48801497696,74,90
10373,2023-04-04 17:16:42.318072341,TH-EAST,Original,f1 sponsorship,29.88885921511857,54229,63830.71354370024,70,9
10374,2023-09-09 11:40:24.381055748,TH-CENTRAL,Original,in-store promo,41.66013546832714,240118,215499.74832713467,25,5
10375,2024-12-16 17:21:54.883802912,TH-SOUTH,EnergyShot,Social Media,29.42377296920458,101438,100908.10858433224,55,56
10376,2024-11-26 01:48:07.456673040,TH-SOUTH,EnergyShot,TV Ad,34.37951260587523,156984,144605.50066860413,21,96
10377,2024-11-14 13:25:52.524517568,TH-NORTH,EnergyShot,Social Media,44.897506219389086,54069,58663.05465086239,18,84
10378,2025-01-10 23:00:35.953354880,TH-SOUTH,Sugarfree,Social Media,28.465438714716516,216277,189867.8932505286,30,50
10379,2023-11-18 17:59:12.636613504,TH-CENTRAL,Sugarfree,extreme sports,44.28936965177871,120313,116112.20046125817,25,75
10380,2024-03-12 13:22:09.838473352,TH-CENTRAL,Original,Social Media,33.637095495467996,222533,198947.345565842,41,15
10381,2024-01-01 20:04:56.696726464,ASIA-PACIFIC,EnergyShot,TV Ad,30.363296552433127,140392,132480.6120935732,40,32
10382,2023-09-09 08:57:32.430905836,TH-CENTRAL,Original,f1 sponsorship,41.934743307283014,75587,89151.12128112491,22,28
10383,2025-07-07 01:10:40.879339328,USA-EAST,Original,TV Ad,40.57885693559768,155672,152635.01645640717,46,22
10384,2025-02-26 23:25:39.434865296,TH-SOUTH,Sugarfree,in-store promo,45.549440270541055,72370,76100.91192748796,12,17
10385,2024-11-02 11:22:05.584686600,EUROPE-EU,EnergyShot,Social Media,42.70142087607772,62287,138107.83197459893,65,59
10386,2024-05-04 06:16:00.160986936,TH-CENTRAL,EnergyShot,TV Ad,44.06961860769697,117369,113461.09548409731,65,90
10387,2024-01-15 04:18:07.114031228,TH-EAST,Original,f1 sponsorship,33.64069145142613,269560,232391.91683992665,15,71
10388,2023-02-26 01:00:09.898698543,TH-EAST,Sugarfree,extreme sports,31.548790875594456,56619,62185.74434414399,72,57
10389,2023-12-02 17:13:02.926839076,TH-SOUTH,EnergyShot,in-store promo,43.012295032817164,214912,188803.4828211484,27,26
10390,2023-03-23 16:42:57.629693781,TH-EAST,Sugarfree,extreme sports,44.136694785345284,83655,86550.23319748718,76,25
10391,2025-06-21 22:43:35.616017824,USA-WEST,EnergyShot,in-store promo,47.81010284001347,116993,113809.01486644796,34,10
10392,2024-10-25 19:32:20.290911936,TH-EAST,Sugarfree,Social Media,36.25235353822853,141215,133102.8126124132,40,45
10393,2023-07-26 17:17:45.559620754,ASIA-PACIFIC,Original,in-store promo,35.440361715855666,266805,231603.01787499484,76,83
10394,2025-07-06 02:43:15.040073648,EUROPE-EU,EnergyShot,in-store promo,43.528259214839935,83464,98515.65321476503,30,11
10395,2024-10-11 21:55:58.431107112,TH-CENTRAL,EnergyShot,in-store promo,34.816070805060356,63850,68261.76050893404,84,77
10396,2025-10-02 20:32:31.745421184,TH-SOUTH,EnergyShot,f1 sponsorship,46.61514651207129,117492,113737.92079810472,31,53
10397,2025-07-29 23:59:08.128902336,USA-WEST,Sugarfree,Social Media,45.16825503686024,66600,70935.19410710667,53,72
10398,2024-06-12 13:50:29.486854208,TH-CENTRAL,Sugarfree,in-store promo,36.579880547500366,71928,75719.2971921105,71,68
10399,2025-03-16 16:07:53.616267072,ASIA-PACIFIC,Original,Social Media,43.017421355829946,169388,164770.11959500535,58,95
10400,2023-05-01 05:27:06.507282572,EUROPE-EU,Original,TV Ad,43.09085748169365,43168,62180.386619898665,40,28
10401,2023-01-10 19:27:06.659258605,EUROPE-EU,Original,extreme sports,30.062477376718654,29931,56186.1762787132,65,75
10402,2023-06-23 14:02:13.426282816,TH-EAST,EnergyShot,extreme sports,46.05105813359133,220725,192882.82029409957,53,65
10403,2023-11-16 23:54:12.893111356,USA-WEST,Original,extreme sports,38.105047448957144,118697,122329.4189682089,39,49
10404,2024-09-22 19:12:58.875617024,TH-CENTRAL,EnergyShot,Social Media,44.52914932215484,71567,75075.06984677466,27,47
10405,2023-04-29 19:17:24.752922626,TH-CENTRAL,EnergyShot,extreme sports,34.400992020612236,101398,100722.55417194165,36,52
10406,2023-06-29 14:33:37.323733428,EUROPE-EU,EnergyShot,f1 sponsorship,45.91046456992401,188639,178417.3014704798,64,88
10407,2023-08-30 07:21:57.040634444,USA-EAST,EnergyShot,Social Media,35.784033574683264,106553,105107.31342817024,73,54
10408,2025-09-07 13:59:25.092087072,USA-EAST,EnergyShot,Social Media,28.216753029605968,161926,148904.2250240816,54,60
10409,2023-02-11 18:07:44.129031773,TH-SOUTH,EnergyShot,TV Ad,46.10763952838528,71119,74339.06134533446,3,57
10410,2023-05-02 03:46:08.425416972,TH-CENTRAL,Original,extreme sports,29.82573353572267,182521,167618.7275210894,9,47
10411,2023-06-08 11:31:36.744797506,TH-NORTH,Sugarfree,TV Ad,34.3862727518083,116109,113215.53676865282,46,31
10412,2023-04-24 00:42:44.654110234,USA-EAST,Sugarfree,TV Ad,47.0012393410161,196307,175393.68690574332,74,46
10413,2025-08-05 08:56:01.728616416,USA-WEST,Sugarfree,f1 sponsorship,47.012142938751126,246199,211678.97646080458,13,26
10414,2025-01-31 17:49:54.307174608,USA-EAST,Sugarfree,TV Ad,39.46875776246572,192240,172329.28387799847,37,5
10415,2025-06-25 05:12:02.096348192,USA-WEST,Sugarfree,TV Ad,40.63674424339598,112008,109149.51251900414,11,84
10416,2024-05-29 02:19:04.702422856,TH-CENTRAL,Sugarfree,TV Ad,36.96891043956639,101634,101148.74030966008,44,52
10417,2023-12-13 07:07:14.549725520,TH-NORTH,Original,extreme sports,33.86421543396129,113230,115484.19174668961,16,75
10418,2025-07-03 01:01:57.766644416,TH-SOUTH,EnergyShot,f1 sponsorship,34.57329090739832,80039,82924.10264730097,79,54
10419,2025-03-07 08:15:25.843227768,USA-EAST,Original,extreme sports,41.45036912154077,72696,86234.37017000403,34,33
10420,2025-10-18 22:49:59.862253536,ASIA-PACIFIC,EnergyShot,f1 sponsorship,43.047490588753604,241319,208138.22038003357,65,50
10421,2025-04-06 18:44:20.498461896,EUROPE-EU,Sugarfree,extreme sports,43.83158087451697,133098,126946.515301489,74,38
10422,2024-02-01 18:32:36.813913888,USA-WEST,Original,in-store promo,43.79236285589108,132967,137199.0361141172,40,27
10423,2024-12-21 04:17:08.166732120,USA-WEST,Original,in-store promo,29.824122060973806,183598,168809.89311336222,66,98
10424,2025-05-04 14:30:23.375114064,TH-SOUTH,Sugarfree,Social Media,37.88840609405163,186347,167930.6990303095,28,15
10425,2023-02-07 10:01:52.037716223,ASIA-PACIFIC,EnergyShot,f1 sponsorship,29.151175200332887,59367,63475.37430438514,17,96
10426,2025-02-25 16:08:03.127376304,TH-CENTRAL,Original,extreme sports,38.99057764647471,243273,216308.15726753313,19,61
10427,2023-04-26 00:59:42.820728804,USA-EAST,EnergyShot,in-store promo,36.83061002746754,83413,85465.31064478788,13,21
10428,2024-06-09 07:42:17.397672904,USA-EAST,Original,f1 sponsorship,45.754083655166,207485,194614.32720993378,33,46
10429,2024-09-12 00:06:49.292595184,USA-EAST,Original,f1 sponsorship,35.01830025104157,229522,204534.19762563333,48,69
10430,2025-01-09 07:04:41.021639416,USA-EAST,Sugarfree,Social Media,30.341340328552118,220103,192979.90681826274,53,6
10431,2023-03-04 05:01:56.045434248,USA-WEST,EnergyShot,in-store promo,30.859833641056717,183997,165795.52931082904,30,38
10432,2024-07-23 07:22:40.802708944,ASIA-PACIFIC,Sugarfree,Social Media,43.23021263434944,46867,52921.79942177657,57,62
10433,2024-09-21 07:28:21.532892312,ASIA-PACIFIC,Original,in-store promo,40.36436126632522,116763,122075.09847263414,41,86
10434,2024-12-15 10:23:15.223728824,USA-WEST,EnergyShot,in-store promo,30.022453522455805,190976,170967.88587251623,57,62
10435,2025-01-30 01:46:47.629811600,TH-SOUTH,EnergyShot,TV Ad,29.682136122299948,134378,127490.25918450774,81,82
10436,2025-06-16 12:04:09.107200528,TH-NORTH,Sugarfree,in-store promo,42.0193826291824,262081,222695.9789825626,29,78
10437,2024-02-27 19:57:53.539892624,TH-CENTRAL,Sugarfree,TV Ad,29.45526012728387,115116,111760.45506992307,24,74
10438,2023-01-14 01:20:33.296485179,USA-WEST,EnergyShot,extreme sports,44.437201185807126,110906,108706.95849173209,62,46
10439,2025-01-27 20:14:07.343853240,TH-CENTRAL,Sugarfree,in-store promo,42.124844543129925,104013,103199.5386185316,18,13
10440,2023-09-24 15:57:46.470179476,TH-NORTH,Sugarfree,TV Ad,29.626975612837995,120748,116556.1737921591,71,95
10441,2025-08-26 05:02:15.038472016,TH-SOUTH,Sugarfree,TV Ad,29.69675428170384,178826,161480.99286283745,7,94
10442,2024-12-31 09:18:13.700541424,ASIA-PACIFIC,Original,extreme sports,47.73279157002351,201281,191403.05885451817,2,3
10443,2023-08-10 08:27:53.364914960,USA-EAST,EnergyShot,extreme sports,35.4854159151224,206974,182513.583547757,66,94
10444,2024-09-27 22:44:56.009738272,USA-WEST,Original,f1 sponsorship,35.412842941337814,238519,211543.5639962959,85,6
10445,2024-05-24 05:15:08.200900312,TH-NORTH,Sugarfree,TV Ad,44.25599134515005,267958,227182.79909948498,80,93
10446,2023-09-30 14:16:20.983226708,TH-NORTH,EnergyShot,extreme sports,46.94497154767717,248220,213215.80846867026,16,8
10447,2023-05-04 13:25:25.764556010,EUROPE-EU,Original,TV Ad,47.720021276457416,29812,53789.080674870915,13,44
10448,2023-03-11 19:35:08.045456887,TH-SOUTH,Sugarfree,in-store promo,43.067563705178834,226351,197183.59071039775,8,33
10449,2023-05-18 22:35:43.569849976,TH-CENTRAL,EnergyShot,TV Ad,35.525191710618316,90828,91679.91472366633,61,81
10450,2024-12-06 01:54:47.881123496,TH-SOUTH,EnergyShot,Social Media,29.670014333973377,73727,76585.60854159654,20,75
10451,2023-02-06 00:06:13.147524739,TH-SOUTH,EnergyShot,Social Media,43.542938318548735,199971,177697.7569598271,75,77
10452,2024-11-20 13:57:51.948110096,USA-WEST,EnergyShot,in-store promo,39.1680849947161,117639,113948.63908153898,36,50
10453,2025-11-29 16:44:47.363280464,EUROPE-EU,EnergyShot,in-store promo,36.48444018493953,10,61423.43267408865,10,11
10454,2024-06-27 03:53:05.160032192,EUROPE-EU,Original,Social Media,46.12708770189472,46143,77525.94687967226,19,95
10455,2025-06-27 07:53:21.394860496,TH-CENTRAL,Original,extreme sports,30.223949646123028,39888,50185.88337399221,34,28
10456,2023-12-23 10:35:58.768678244,USA-WEST,EnergyShot,TV Ad,37.85250208581718,273343,230644.72546894147,52,70
10457,2024-05-16 17:18:51.542309088,USA-WEST,Original,f1 sponsorship,28.227072895348382,45758,54923.59676824772,46,41
10458,2024-11-12 23:58:08.713427824,ASIA-PACIFIC,Original,f1 sponsorship,37.37321283988253,81840,91891.1539019022,74,16
10459,2023-01-21 05:14:07.322978897,ASIA-PACIFIC,Sugarfree,TV Ad,29.126065513636746,141592,133252.55613758147,51,68
10460,2023-08-29 20:06:36.212464024,TH-NORTH,EnergyShot,extreme sports,30.376358325361437,127718,121314.26519016382,7,99
10461,2023-05-12 05:41:48.818766156,TH-CENTRAL,Original,in-store promo,30.350524935542097,271496,232345.17538255514,3,48
10462,2025-10-11 15:38:50.764227632,USA-WEST,Sugarfree,in-store promo,40.984206042321276,52661,58057.78914690842,26,56
10463,2024-11-01 09:29:41.043018824,TH-EAST,EnergyShot,f1 sponsorship,42.92089758530847,166703,152442.9415354103,43,64
10464,2025-09-10 17:52:13.614148512,TH-EAST,EnergyShot,in-store promo,39.667375301943196,211354,186095.8925048748,39,59
10465,2024-11-24 06:48:40.147447424,TH-NORTH,Sugarfree,in-store promo,47.24345096949084,281435,236339.59473623376,46,90
10466,2024-03-20 04:58:46.195359776,TH-CENTRAL,Original,Social Media,35.49741159047408,187527,174074.2504247442,43,62
10467,2023-01-31 10:36:12.033296078,TH-SOUTH,Sugarfree,in-store promo,33.714241725637216,245252,210751.04720235255,47,76
10468,2023-01-18 09:44:01.943172444,TH-CENTRAL,Sugarfree,in-store promo,45.3719825637892,61141,66744.98756906968,84,11
10469,2025-05-31 06:02:09.385730016,TH-NORTH,Original,Social Media,32.47191677038905,128181,127187.90218738547,51,89
10470,2025-03-05 19:06:22.512298472,TH-NORTH,Original,extreme sports,47.264450788812226,113494,124789.42689581349,83,18
10471,2024-10-27 11:34:59.172979880,USA-WEST,Original,TV Ad,28.243089493796326,264625,227257.64329114353,67,19
10472,2025-12-19 04:21:10.571358560,USA-WEST,Sugarfree,TV Ad,47.397576534152776,77733,80274.23425265499,10,87
10473,2024-07-02 07:20:03.462619776,TH-EAST,Original,f1 sponsorship,28.863198239011524,73340,80377.23446732605,76,55
10474,2024-02-04 18:49:16.114703520,TH-SOUTH,EnergyShot,f1 sponsorship,45.82286227396142,119979,115711.6299771597,72,82
10475,2024-08-14 17:28:04.080529600,TH-EAST,Sugarfree,f1 sponsorship,38.554022181726,55494,60893.20947336752,3,26
10476,2025-12-18 23:43:04.499963184,TH-NORTH,Original,TV Ad,47.85929592238601,66550,86491.608130498,75,6
10477,2023-05-22 10:58:23.199079662,TH-EAST,EnergyShot,in-store promo,29.475931294707976,289896,243041.92770914704,72,4
10478,2024-11-19 22:29:41.140105288,ASIA-PACIFIC,Original,f1 sponsorship,39.077085688026415,134445,135636.78797343455,76,29
10479,2024-02-27 12:07:32.296053384,TH-NORTH,Original,in-store promo,47.38605071238198,180974,176403.8416844873,47,59
10480,2025-11-04 12:57:52.950214304,TH-SOUTH,Sugarfree,f1 sponsorship,38.461956883402976,224046,195222.2518689274,25,98
10481,2023-04-18 01:59:20.328117298,TH-NORTH,Sugarfree,TV Ad,40.58797276270525,128333,123392.2814014401,76,17
10482,2025-10-29 11:10:24.692562416,TH-CENTRAL,EnergyShot,Social Media,41.914973779692346,76417,79445.41488210339,38,43
10483,2025-10-02 06:06:27.230185648,TH-SOUTH,EnergyShot,extreme sports,37.09082129535547,90397,91316.20324435616,57,80
10484,2025-11-05 02:10:18.779103104,ASIA-PACIFIC,EnergyShot,TV Ad,40.55116160168127,116446,112653.29531612206,18,66
10485,2023-12-14 22:02:30.813833896,TH-NORTH,EnergyShot,in-store promo,39.686286238462,198584,177213.68407044513,87,34
10486,2025-06-11 21:55:42.926026304,TH-EAST,Original,extreme sports,46.02316020981978,120754,129656.10981781088,82,8
10487,2024-02-08 09:07:52.440544580,USA-EAST,Sugarfree,in-store promo,28.908927606829156,44899,51362.939580025624,76,13
10488,2025-08-20 22:49:12.395698080,TH-SOUTH,Sugarfree,Social Media,33.6192637918446,168303,154681.43701349437,76,8
10489,2025-08-31 07:09:04.845877344,TH-EAST,Sugarfree,in-store promo,47.008229681531176,278485,234302.67838148357,57,94
10490,2023-12-23 08:45:35.283083992,USA-WEST,Sugarfree,Social Media,45.80527567781833,247737,212415.52220173582,27,96
10491,2025-08-05 00:11:21.910264800,TH-EAST,Original,TV Ad,37.11313505571426,242451,215042.27425192622,65,94
10492,2023-01-26 09:36:38.839990097,TH-NORTH,Sugarfree,f1 sponsorship,40.40265195603074,243012,209011.60352122624,9,65
10493,2024-05-10 06:39:49.160455792,USA-EAST,Original,Social Media,33.54762365962265,111941,114746.16512208473,85,43
10494,2024-08-05 23:44:31.333866040,TH-NORTH,EnergyShot,in-store promo,31.762423194475225,233925,203038.7667508784,76,39
10495,2025-06-03 03:25:26.701248112,EUROPE-EU,Original,Social Media,37.27396809879964,61085,78632.2715622386,57,81
10496,2023-01-11 06:32:21.744209154,TH-CENTRAL,Sugarfree,TV Ad,35.067044560521055,204579,181543.2294551907,72,59
10497,2024-11-27 08:41:02.293105576,TH-NORTH,EnergyShot,f1 sponsorship,39.67312223701744,201564,178313.7133369989,13,84
10498,2024-06-17 15:57:53.246398040,TH-SOUTH,Sugarfree,TV Ad,29.554692739299696,49165,55113.95981794693,83,88
10499,2025-02-11 14:20:11.133078736,USA-WEST,Original,in-store promo,47.487896153323334,223842,207594.02671818633,14,86
10500,2023-11-09 03:10:37.827384564,TH-EAST,EnergyShot,TV Ad,47.72421488959206,273961,230649.62101902612,32,93
10501,2023-05-29 00:16:47.855861352,EUROPE-EU,Original,f1 sponsorship,41.9632342803949,88094,103483.05569442154,16,86
10502,2025-11-27 11:54:16.043896752,EUROPE-EU,EnergyShot,Social Media,38.72192732688241,141052,212478.14483723018,23,44
10503,2024-03-23 13:43:16.392197208,ASIA-PACIFIC,Sugarfree,TV Ad,34.19055232572656,61302,66481.19437238964,29,9
10504,2024-10-08 18:05:14.659580624,USA-WEST,EnergyShot,extreme sports,44.27590039413897,189241,169993.5716522132,61,37
10505,2024-10-17 15:35:49.663528528,EUROPE-EU,Original,in-store promo,41.69462345107759,75014,147129.37306685542,12,74
10506,2024-06-02 11:19:00.355361296,EUROPE-EU,Original,in-store promo,31.252338786897827,164530,159184.70666179998,61,36
10507,2023-05-15 14:07:00.759859372,TH-EAST,Sugarfree,TV Ad,46.21854368987685,279784,235241.040376869,46,92
10508,2025-11-10 05:32:39.963819808,ASIA-PACIFIC,EnergyShot,in-store promo,44.45074485846338,264230,224263.0494493707,15,28
10509,2025-03-10 06:49:34.165003880,ASIA-PACIFIC,Sugarfree,extreme sports,46.99599826583848,239401,207016.7314479514,65,42
10510,2023-09-23 01:08:32.190139452,TH-SOUTH,Original,Social Media,42.5143901677672,93198,104739.6915356742,80,43
10511,2025-10-28 10:26:48.288529952,TH-SOUTH,Original,in-store promo,40.2683039187158,264793,232363.72573721834,42,85
10512,2023-03-06 03:44:38.892326089,USA-WEST,Sugarfree,f1 sponsorship,36.36486072581238,65654,69501.53849277506,7,88
10513,2025-09-26 05:43:51.809280640,EUROPE-EU,EnergyShot,f1 sponsorship,46.65456966708027,202405,220665.84331175755,2,42
10514,2025-10-20 13:39:44.029967072,TH-NORTH,Sugarfree,extreme sports,45.32127779000817,119787,115632.01447072155,11,66
10515,2024-11-12 18:22:20.159567856,USA-WEST,EnergyShot,in-store promo,28.904373402123788,55214,60754.46233239667,83,55
10516,2024-02-21 09:10:01.279783872,TH-SOUTH,Original,Social Media,28.52733948994504,204849,183871.39684814966,15,72
10517,2024-09-02 16:21:29.547980904,USA-WEST,Original,in-store promo,35.529267337560995,88334,96255.9856631911,77,48
10518,2024-02-18 05:46:12.632863716,TH-CENTRAL,EnergyShot,in-store promo,44.21106661563665,99438,98714.22517292638,79,91
10519,2025-09-23 21:00:13.425714848,TH-SOUTH,EnergyShot,Social Media,47.74552258629889,113584,111209.4332457543,58,22
10520,2025-11-29 01:32:09.590518976,USA-WEST,EnergyShot,TV Ad,31.008337822070565,57212,62736.95350050335,48,27
10521,2025-04-08 20:24:03.071254920,TH-NORTH,Original,Social Media,39.8826143070427,72596,85425.4288396508,62,93
10522,2025-11-20 03:28:51.435017328,USA-WEST,Original,Social Media,35.61781713262043,37452,51027.92551711206,61,67
10523,2025-08-04 23:43:55.867329888,EUROPE-EU,EnergyShot,in-store promo,47.398287956292066,121904,139081.90422115737,48,13
10524,2025-05-03 23:28:37.383395344,EUROPE-EU,EnergyShot,Social Media,44.84237846271417,61294,66851.07548359426,50,45
10525,2025-05-29 11:19:49.992518480,TH-EAST,Original,extreme sports,44.76657409422276,197272,186530.5210088398,32,10
10526,2025-05-18 04:31:49.956388560,ASIA-PACIFIC,Sugarfree,Social Media,37.3738631958994,96585,97124.57023832967,29,9
10527,2025-08-28 19:02:31.192574624,USA-EAST,Original,Social Media,36.2963900467533,276728,238714.82880703543,58,54
10528,2024-07-17 08:55:10.896012312,ASIA-PACIFIC,EnergyShot,TV Ad,33.468141438614126,263379,224250.32547973053,75,27
10529,2024-11-10 01:48:15.893473976,TH-EAST,Original,Social Media,29.127509933018544,106482,107888.17899364165,14,34
10530,2025-05-10 20:28:23.871662304,ASIA-PACIFIC,Original,Social Media,45.29444752510106,223860,206643.09093133576,81,1
10531,2023-04-11 22:47:16.060558120,USA-WEST,Original,f1 sponsorship,44.258020182601555,231032,210648.98093296125,22,32
10532,2025-02-14 09:56:47.484935488,EUROPE-EU,EnergyShot,f1 sponsorship,47.99435346572261,291367,247312.62282288208,77,89
10533,2023-09-18 08:21:08.649464136,TH-CENTRAL,Original,extreme sports,47.93273674147811,171180,169567.997369137,44,93
10534,2023-05-21 03:44:36.076091372,TH-SOUTH,EnergyShot,extreme sports,39.10863411205255,61752,66393.14692873244,61,71
10535,2025-03-26 07:37:55.885327216,USA-EAST,EnergyShot,f1 sponsorship,43.379748303610214,202312,179367.44578527618,78,67
10536,2023-10-08 12:10:07.728999176,ASIA-PACIFIC,EnergyShot,in-store promo,46.895314597648564,196621,174995.94967520703,70,84
10537,2024-02-13 20:43:16.146506460,TH-SOUTH,Sugarfree,extreme sports,44.99294781354823,199574,177670.11548408636,14,20
10538,2025-06-11 23:35:44.997712080,TH-SOUTH,Sugarfree,TV Ad,32.94696203486395,114577,111429.1296208423,45,94
10539,2023-12-23 17:52:22.193774284,EUROPE-EU,Original,TV Ad,37.01088270620187,120232,221935.91701606658,63,35
10540,2024-06-12 02:30:37.781571768,TH-SOUTH,EnergyShot,extreme sports,30.5831883030299,289860,241894.4365910824,45,99
10541,2024-12-11 07:31:33.700325416,EUROPE-EU,EnergyShot,in-store promo,47.08102054517445,10,93542.5025956303,55,91
10542,2023-08-09 17:06:03.072431020,USA-WEST,Sugarfree,in-store promo,40.1234926890176,63353,67630.43162732889,43,90
10543,2025-12-29 14:11:39.131652368,USA-EAST,Sugarfree,TV Ad,32.57285611006925,87287,88907.00663369682,74,78
10544,2023-03-25 13:28:16.126885316,ASIA-PACIFIC,EnergyShot,extreme sports,41.43401368811713,249535,214110.42785114376,28,17
10545,2025-03-21 14:33:41.614027624,USA-WEST,Sugarfree,in-store promo,40.36256480915792,209504,185328.9269639695,61,18
10546,2023-05-12 14:45:08.344725714,TH-EAST,Original,TV Ad,35.16325436065681,191802,177209.46846782533,51,45
10547,2025-04-16 15:10:58.513055456,TH-NORTH,EnergyShot,Social Media,30.27115184399258,138493,130358.6270218849,53,93
10548,2023-09-25 08:24:44.759891348,TH-CENTRAL,Original,extreme sports,41.43146391185599,171383,165565.59430228715,87,84
10549,2025-06-07 03:55:05.932035824,ASIA-PACIFIC,Original,in-store promo,38.40615401807587,105076,111574.82505487348,56,53
10550,2025-08-09 15:43:49.450119712,USA-WEST,Original,TV Ad,43.44636783471279,143407,145440.01588359225,82,91
10551,2024-11-13 11:03:07.560804752,TH-EAST,Original,extreme sports,38.403270022239866,232534,208612.6056741312,65,82
10552,2023-01-05 05:27:55.046413830,TH-CENTRAL,Sugarfree,TV Ad,45.043630006370805,295499,246248.31949109244,21,68
10553,2023-04-21 11:45:06.431549986,TH-SOUTH,Sugarfree,extreme sports,39.03813677548971,281488,236497.78471796037,19,65
10554,2024-08-20 01:29:09.531258560,USA-WEST,EnergyShot,extreme sports,39.21875943070773,281196,236773.18856924976,32,1
10555,2023-03-31 13:05:34.922035041,EUROPE-EU,Sugarfree,extreme sports,45.533072053166904,137579,130444.74696942247,71,58
10556,2025-10-07 23:25:52.661359552,ASIA-PACIFIC,EnergyShot,extreme sports,36.06965732424794,154945,143757.9761013582,24,26
10557,2025-10-08 23:01:27.271561888,TH-EAST,EnergyShot,f1 sponsorship,30.680304569012815,217524,191127.07927379632,45,20
10558,2024-06-16 09:03:53.986160912,TH-CENTRAL,Sugarfree,Social Media,28.57565352626678,278364,234438.38561025684,72,87
10559,2025-09-24 03:32:45.284440592,TH-NORTH,Sugarfree,extreme sports,43.10274511347238,74424,78398.85187041693,56,10
10560,2023-06-29 12:11:50.270605810,TH-CENTRAL,EnergyShot,f1 sponsorship,40.4061910270693,113452,110848.37276543916,86,59
10561,2025-08-03 09:45:15.822718656,USA-EAST,Sugarfree,extreme sports,42.08159536198447,75154,77849.3689188219,4,75
10562,2025-03-23 02:10:47.270212088,TH-SOUTH,Original,f1 sponsorship,32.25928323017821,187216,172401.70599189107,54,41
10563,2023-04-19 00:20:41.902509570,TH-NORTH,Sugarfree,in-store promo,30.727429511735394,113473,111260.19937750751,60,5
10564,2025-11-17 09:49:27.241074896,TH-CENTRAL,Original,f1 sponsorship,28.29089331335764,115856,115221.57050251469,7,65
10565,2024-08-14 03:10:30.238814184,USA-WEST,Sugarfree,extreme sports,35.01175117613194,58972,64183.19189759585,15,17
10566,2024-07-07 21:58:35.849446784,TH-EAST,EnergyShot,f1 sponsorship,39.79835373709266,124330,119959.21236151838,47,22
10567,2024-12-14 01:16:18.396399400,USA-WEST,Sugarfree,TV Ad,35.84488090199464,261717,222499.30148031708,60,98
10568,2024-04-24 01:03:51.305213560,TH-EAST,Sugarfree,extreme sports,36.74949844047458,96463,96614.562378167,14,41
10569,2023-10-18 21:00:22.206779960,ASIA-PACIFIC,Sugarfree,in-store promo,46.08317388987497,215287,189037.49324201312,64,93
10570,2025-03-28 14:53:34.587414720,EUROPE-EU,Sugarfree,in-store promo,34.96510934046601,197496,175925.66898771853,21,68
10571,2025-05-25 21:29:15.350488064,TH-NORTH,Sugarfree,TV Ad,38.279789783196215,262223,222696.92167382306,2,69
10572,2025-04-16 20:00:54.851307168,TH-SOUTH,Original,in-store promo,43.67306025482286,59331,76457.58953020765,53,11
10573,2024-05-17 05:17:43.164835984,TH-CENTRAL,EnergyShot,f1 sponsorship,35.9308556464254,294652,245517.99206900864,13,56
10574,2024-08-07 00:27:04.981597560,USA-WEST,Original,Social Media,40.44173400455747,174066,166525.7292080731,35,51
10575,2023-01-08 00:10:08.254637525,TH-NORTH,Original,Social Media,45.2472741749349,283973,249094.83046936287,81,21
10576,2025-06-06 00:02:42.735998608,USA-WEST,Sugarfree,f1 sponsorship,46.990412473152844,275328,232302.94517317016,81,99
10577,2023-02-25 12:17:21.754451747,TH-SOUTH,EnergyShot,Social Media,30.941469618580758,93801,94303.45442262116,66,76
10578,2024-02-23 07:13:12.853081104,USA-EAST,Sugarfree,extreme sports,46.53175250322989,56047,61232.40198066262,9,26
10579,2023-07-24 10:02:36.332705002,EUROPE-EU,Original,in-store promo,37.842325861590766,71015,101127.81875907231,48,19
10580,2023-05-20 01:17:20.581443168,TH-SOUTH,Sugarfree,Social Media,33.16488776597917,170009,155512.72979988396,64,60
10581,2023-07-13 15:11:18.382320950,ASIA-PACIFIC,Sugarfree,Social Media,37.182715124765224,81845,84319.273413038,56,71
10582,2023-01-10 22:18:59.057876194,TH-EAST,Sugarfree,Social Media,47.60065150570954,80796,83491.9489035977,26,47
10583,2023-04-12 21:30:00.947443519,TH-CENTRAL,Sugarfree,TV Ad,37.85236187985739,153119,142518.70942103062,74,71
10584,2024-02-06 21:46:53.768265356,TH-CENTRAL,Original,Social Media,34.57503220575016,44649,56653.594233871685,4,26
10585,2023-02-07 19:25:49.107987092,TH-EAST,Original,TV Ad,40.668017086334515,59229,74377.6165064541,70,40
10586,2024-10-22 13:03:46.019635832,TH-EAST,Sugarfree,in-store promo,32.802912375563864,140599,133172.2678815895,82,5
10587,2024-03-18 17:36:17.420057208,ASIA-PACIFIC,Original,Social Media,29.51726656217328,53252,62625.98184159329,56,21
10588,2025-04-08 21:53:03.535452904,USA-EAST,Original,in-store promo,30.577594438212984,132712,129351.01129110587,14,78
10589,2024-04-29 12:33:01.143471784,USA-EAST,EnergyShot,extreme sports,30.56091677915545,155528,144801.253189689,75,4
10590,2025-06-23 06:36:44.524303328,TH-NORTH,Original,Social Media,31.038053870245886,145900,140253.3228146229,29,23
10591,2025-11-04 03:25:12.715876832,TH-SOUTH,EnergyShot,TV Ad,30.776543452988204,264134,223834.97148061747,19,84
10592,2023-04-08 01:29:26.855772003,TH-EAST,Original,extreme sports,40.81749489606429,159797,156012.4910103465,36,15
10593,2024-06-11 03:52:08.695496448,TH-NORTH,Sugarfree,f1 sponsorship,31.637601687982897,155482,143596.09249560867,2,93
10594,2023-03-31 10:46:02.005812380,TH-SOUTH,EnergyShot,in-store promo,34.91334566647726,139354,132141.84907833324,72,8
10595,2024-01-23 00:01:43.825366792,TH-CENTRAL,EnergyShot,in-store promo,45.935768198120236,249090,213524.67566089722,40,41
10596,2025-06-16 23:53:52.527505312,EUROPE-EU,Original,Social Media,37.479232805257446,253282,229011.32079996663,38,19
10597,2025-05-10 22:59:16.184135344,EUROPE-EU,Original,in-store promo,41.35115477042054,245916,220648.49383942352,25,46
10598,2025-06-20 14:04:54.181887248,EUROPE-EU,Original,in-store promo,31.446397424032597,194808,184709.31562627817,1,28
10599,2025-04-16 07:54:40.222059776,TH-EAST,Sugarfree,TV Ad,31.845780376173416,74552,77472.34919373484,22,91
10600,2025-11-29 19:40:11.775291776,USA-WEST,EnergyShot,f1 sponsorship,28.81737232532958,107348,105373.99389840245,22,68
10601,2025-07-08 07:49:59.765759840,EUROPE-EU,Sugarfree,f1 sponsorship,31.37870126144329,37143,59212.61273639549,84,15
10602,2025-07-10 07:38:15.620096048,TH-CENTRAL,Original,f1 sponsorship,33.57180678063917,274991,236164.81499802283,15,99
10603,2025-08-13 13:55:36.414754384,EUROPE-EU,Sugarfree,TV Ad,31.540209685534936,174783,182159.70593818207,8,37
10604,2025-09-29 20:57:15.495695152,USA-EAST,EnergyShot,in-store promo,29.774050675141112,229001,199272.5768626483,12,1
10605,2025-06-30 17:38:57.992321728,USA-EAST,Sugarfree,f1 sponsorship,30.412717422012015,115860,112314.34791644578,27,67
10606,2023-10-25 21:03:37.025973364,USA-WEST,EnergyShot,Social Media,37.21557536065451,256653,219130.70445546848,26,24
10607,2024-08-12 20:32:41.920288720,TH-CENTRAL,Sugarfree,extreme sports,32.12667436811585,102401,101920.65674169571,50,27
10608,2023-10-17 02:14:38.687223916,USA-EAST,Sugarfree,extreme sports,35.28539722096151,44091,50328.751422489935,63,40
10609,2024-05-12 05:38:55.990425968,ASIA-PACIFIC,Sugarfree,f1 sponsorship,38.068345417097134,131352,125282.99250413879,51,63
10610,2023-06-01 10:25:21.993708088,USA-EAST,Sugarfree,TV Ad,41.80789657258731,181424,164152.2961918147,80,61
10611,2025-09-01 03:03:47.257436896,USA-WEST,Original,Social Media,28.78624279682198,153925,145740.9715931045,37,36
10612,2025-04-26 09:03:47.105633536,TH-SOUTH,EnergyShot,in-store promo,43.98820797818085,262261,222415.2285153194,64,98
10613,2025-06-07 21:24:28.499976064,EUROPE-EU,Original,extreme sports,40.558007789818156,49507,71081.05719123338,17,93
10614,2025-12-27 11:41:00.526848720,TH-SOUTH,Original,f1 sponsorship,29.635180638977438,172992,160764.6881267451,62,24
10615,2023-10-08 15:13:49.049388756,USA-WEST,Original,Social Media,45.47157248213554,151195,152595.8699641815,50,24
10616,2025-01-04 09:48:40.436827840,USA-EAST,Original,extreme sports,46.417448010636264,92395,106278.5964344326,8,4
10617,2025-06-13 06:01:17.051185968,EUROPE-EU,Sugarfree,extreme sports,29.221559197097275,242512,214445.62251540212,12,67
10618,2023-01-03 21:55:14.714334419,EUROPE-EU,Original,in-store promo,33.537552962944076,206287,200569.73117644124,39,34
10619,2025-09-30 02:00:17.461669216,EUROPE-EU,Original,extreme sports,44.12402559586123,151618,196571.83746636618,54,57
10620,2023-07-01 14:06:44.141644782,USA-WEST,EnergyShot,f1 sponsorship,42.96519380767317,265239,225238.4956539112,78,49
10621,2025-09-08 13:42:31.535669024,TH-EAST,EnergyShot,f1 sponsorship,31.690420387127546,223277,194556.92012430422,42,87
10622,2024-12-23 05:41:37.085797592,USA-EAST,Original,f1 sponsorship,32.186986466734204,90868,96368.2583429453,43,53
10623,2023-02-06 05:41:18.023232359,USA-WEST,Original,f1 sponsorship,35.40944205582764,210488,191112.5423299382,67,23
10624,2025-04-06 08:03:10.649120608,TH-NORTH,EnergyShot,f1 sponsorship,37.69045970382042,114840,111540.56267796876,32,69
10625,2023-09-10 02:38:22.979342268,TH-SOUTH,EnergyShot,TV Ad,40.36509543060592,99497,98434.93006949412,23,95
10626,2025-12-08 06:49:11.458043680,EUROPE-EU,Original,f1 sponsorship,35.378272791395446,10,64600.718579925466,35,53
10627,2023-05-28 22:20:07.998479856,USA-WEST,Sugarfree,Social Media,37.25069432266296,228837,198805.71606953535,9,62
10628,2024-05-17 14:31:28.510425344,TH-EAST,Sugarfree,extreme sports,42.94941876267513,219387,192200.19238996223,19,41
10629,2025-10-14 10:30:33.143398176,USA-EAST,Sugarfree,Social Media,28.733664057811957,96590,96899.89553481874,74,57
10630,2023-09-05 03:18:57.632188252,TH-EAST,EnergyShot,in-store promo,33.048738886880415,230618,199875.8033448312,11,60
10631,2024-03-04 16:34:22.805947632,TH-SOUTH,Sugarfree,extreme sports,42.26699171769105,276871,233568.1766187106,61,54
10632,2024-06-17 14:19:00.684382208,ASIA-PACIFIC,EnergyShot,Social Media,45.904136753743984,68073,71605.79149831586,17,70
10633,2025-06-03 17:07:58.174255824,USA-WEST,EnergyShot,TV Ad,38.233548842313326,96263,96527.32767735499,62,57
10634,2023-06-25 03:39:11.275928210,USA-EAST,EnergyShot,extreme sports,38.64226970530631,229530,200052.1588174631,83,10
10635,2025-05-29 20:33:36.315867056,ASIA-PACIFIC,Original,f1 sponsorship,30.14344022679552,102190,104901.33470141565,24,40
10636,2024-12-15 18:48:37.515503056,USA-EAST,Sugarfree,TV Ad,36.948247336469095,195912,174932.79485674336,11,7
10637,2024-07-31 08:52:18.065618472,TH-EAST,EnergyShot,Social Media,38.65234532910046,61525,66232.8448927429,20,38
10638,2023-10-22 02:29:58.116782780,ASIA-PACIFIC,EnergyShot,Social Media,32.849410072694596,151452,140440.49582070776,24,85
10639,2025-06-09 05:05:25.721701456,TH-CENTRAL,Original,TV Ad,33.38486461898762,221470,197818.28439859062,10,61
10640,2025-07-02 16:29:00.255503824,TH-EAST,Original,extreme sports,35.54568326209245,205295,187302.7886086505,63,84
10641,2025-09-14 21:48:21.025164064,TH-SOUTH,EnergyShot,f1 sponsorship,28.401423955554527,247192,213014.42013516137,72,3
10642,2023-06-28 03:26:15.864457754,TH-SOUTH,EnergyShot,f1 sponsorship,34.441583311663564,265685,225490.42532063377,49,51
10643,2025-02-07 04:16:31.018068424,TH-EAST,Sugarfree,in-store promo,32.22896013993089,236719,204636.70025175164,61,86
10644,2024-08-03 14:54:57.431279040,TH-CENTRAL,Sugarfree,in-store promo,34.54994704355829,208647,184317.5485877852,48,47
10645,2023-02-10 06:42:29.513174718,TH-CENTRAL,Sugarfree,extreme sports,30.395242636385024,51181,56344.49836320623,13,68
10646,2024-01-02 19:56:38.345402772,TH-SOUTH,EnergyShot,in-store promo,45.8105456147979,173580,156993.3346818888,0,92
10647,2025-12-04 03:42:15.483783264,USA-EAST,Original,extreme sports,39.87184907108097,41262,57539.54498297056,80,76
10648,2024-01-22 10:51:37.825132900,USA-WEST,Original,extreme sports,41.58204638288979,234624,211613.56342320453,24,38
10649,2025-03-16 08:53:26.948150320,TH-CENTRAL,EnergyShot,f1 sponsorship,43.783424772146766,117412,114144.90489199152,58,36
10650,2024-08-06 15:51:45.998245864,TH-CENTRAL,Sugarfree,extreme sports,37.96884397858115,178969,162485.8748235842,71,41
10651,2025-07-01 18:27:41.287102736,EUROPE-EU,Original,TV Ad,29.738405761748474,89879,105889.06146378053,68,69
10652,2025-11-06 09:05:33.066194176,TH-SOUTH,Sugarfree,extreme sports,38.742130836370954,238962,206500.02887605873,4,13
10653,2025-05-04 08:01:21.427788000,TH-CENTRAL,EnergyShot,TV Ad,39.736822360417584,269089,227300.5053283805,18,87
10654,2024-08-17 20:56:10.017449992,USA-EAST,Original,extreme sports,42.908789483686604,124540,129728.4988426128,22,58
10655,2024-09-12 22:58:00.141698408,EUROPE-EU,EnergyShot,TV Ad,36.63319092459359,213482,222584.47870219778,8,50
10656,2024-09-30 07:49:26.432202144,TH-NORTH,EnergyShot,Social Media,30.551606055911275,104204,103415.00149126648,49,30
10657,2024-12-06 09:49:35.542077296,TH-EAST,Original,f1 sponsorship,33.67551811597449,166228,156932.18461510475,15,62
10658,2025-05-18 16:58:30.285507296,ASIA-PACIFIC,Original,extreme sports,35.2616459279727,253439,221752.28596774078,32,25
10659,2024-10-18 04:30:54.965893344,USA-WEST,Sugarfree,f1 sponsorship,40.91834482663202,118898,115176.26852315807,1,27
10660,2024-12-17 00:16:03.220728152,TH-CENTRAL,Original,f1 sponsorship,39.41556609337824,277691,240808.45301561715,13,51
10661,2023-09-20 15:35:27.389971960,EUROPE-EU,EnergyShot,extreme sports,35.12193451795692,18360,74375.90035627672,0,78
10662,2023-09-13 12:22:06.374881504,USA-EAST,Original,extreme sports,47.730304975859596,30378,53655.01394470125,57,57
10663,2025-02-10 08:28:50.653980600,TH-EAST,Original,f1 sponsorship,40.11549638713774,262942,230827.07051563813,15,47
10664,2024-10-15 08:52:23.860739672,USA-WEST,EnergyShot,f1 sponsorship,32.74453583471989,58108,63729.73322957445,78,39
10665,2025-06-16 23:33:23.403030384,ASIA-PACIFIC,EnergyShot,extreme sports,30.035649452408073,297845,248377.83918949834,46,16
10666,2025-01-24 13:13:56.792179824,USA-EAST,Original,in-store promo,31.057182783686642,282327,240279.37239582124,43,22
10667,2025-03-25 00:56:35.390179344,TH-CENTRAL,Original,in-store promo,32.919154567690164,67955,77404.18200726413,79,85
10668,2025-07-18 23:49:06.495907312,TH-NORTH,Sugarfree,TV Ad,31.213627465191113,173168,157516.92513851315,13,54
10669,2023-09-01 09:34:58.557725960,USA-WEST,Original,f1 sponsorship,31.731340481026116,80120,86984.05949342887,23,21
10670,2023-09-27 21:14:39.218181500,USA-WEST,Sugarfree,TV Ad,33.701903373876945,144529,135631.03460602398,54,72
10671,2023-03-25 10:10:31.658510780,ASIA-PACIFIC,Original,in-store promo,31.467471905895096,52462,62285.02585196654,14,16
10672,2024-06-23 01:52:22.995112760,TH-CENTRAL,Original,f1 sponsorship,45.935308492528506,78157,94784.9175593179,82,59
10673,2025-11-03 05:45:41.023161424,TH-NORTH,Original,extreme sports,29.604674913232845,123888,122654.5592797799,71,31
10674,2024-05-21 12:55:12.110489040,EUROPE-EU,Sugarfree,extreme sports,38.49022779140509,143704,137729.50004921097,33,42
10675,2024-03-25 01:20:18.099525560,TH-CENTRAL,Original,in-store promo,36.20793653979323,286872,245499.25164177862,1,74
10676,2023-08-28 01:58:06.113643836,TH-NORTH,EnergyShot,extreme sports,47.647572338172125,246250,211573.12913679625,26,32
10677,2023-07-28 20:42:08.252567604,TH-EAST,Original,TV Ad,30.240778043361047,222058,197481.98886238923,73,59
10678,2024-05-06 16:54:50.290499472,TH-CENTRAL,Original,in-store promo,35.95711198091483,164790,157408.26294839487,86,34
10679,2025-09-22 11:19:17.921647792,TH-EAST,EnergyShot,f1 sponsorship,47.389408665507375,254333,217999.55212086867,71,9
10680,2024-08-17 00:53:18.673869296,USA-EAST,Sugarfree,in-store promo,45.310142517879605,122915,117864.56713114222,22,81
10681,2023-02-01 06:02:32.635735152,TH-EAST,Sugarfree,Social Media,44.341441418985596,218059,191779.8225546632,67,11
10682,2025-09-26 14:01:47.377035472,EUROPE-EU,Original,extreme sports,33.1580565408988,236341,248756.7950756344,13,96
10683,2025-01-26 01:59:38.673718840,EUROPE-EU,EnergyShot,TV Ad,31.417751747801315,104594,112925.78178703976,62,10
10684,2025-10-17 20:29:16.039801200,TH-SOUTH,Sugarfree,in-store promo,41.372864398488616,209406,184803.50697679346,64,86
10685,2024-09-23 19:31:26.757153920,USA-WEST,Original,Social Media,46.587519782551716,239800,218862.9728304765,67,17
10686,2023-11-13 17:49:25.270022924,EUROPE-EU,Sugarfree,f1 sponsorship,39.1352578602786,182422,233161.51667013444,62,68
10687,2023-11-02 13:52:12.363887388,ASIA-PACIFIC,Original,Social Media,39.432253789398,210877,193586.53818802035,80,48
10688,2024-05-31 13:01:23.202594888,TH-EAST,EnergyShot,extreme sports,33.599581873205686,108177,106721.58468342725,86,52
10689,2024-03-08 00:07:48.402256320,EUROPE-EU,EnergyShot,Social Media,43.38985866383874,116703,115256.43031378929,63,25
10690,2025-06-06 06:52:21.381114464,USA-EAST,Sugarfree,f1 sponsorship,31.74087497115047,48275,54151.606424792844,31,21
10691,2024-10-25 05:40:12.179311024,TH-EAST,Sugarfree,extreme sports,34.47358472808487,232842,202177.19553430192,78,65
10692,2024-07-12 22:44:37.091624808,USA-EAST,Sugarfree,Social Media,36.50872877232834,53528,58547.921212390276,12,63
10693,2025-08-27 05:40:16.264272144,USA-WEST,Sugarfree,in-store promo,38.1522075736891,262276,222930.47092054915,65,89
10694,2024-01-08 23:10:18.097820036,TH-NORTH,Sugarfree,Social Media,32.84819464830161,69991,73732.12289490776,18,51
10695,2024-10-15 16:36:05.077882304,USA-EAST,Sugarfree,in-store promo,30.29673649478407,82330,84375.30242718486,23,36
10696,2024-02-09 03:23:20.945165544,EUROPE-EU,EnergyShot,Social Media,40.21240084883265,150132,145305.29416644748,87,81
10697,2024-12-27 23:58:25.487626992,TH-CENTRAL,EnergyShot,f1 sponsorship,33.77261106480512,227854,197576.08303374847,10,88
10698,2023-01-02 21:51:52.405664048,ASIA-PACIFIC,Sugarfree,f1 sponsorship,39.624764428452245,74208,77800.44103981555,58,66
10699,2024-01-08 07:42:04.963776844,USA-EAST,Sugarfree,Social Media,31.087254305484045,147021,138014.2150132997,85,15
10700,2024-01-31 18:52:57.242026328,TH-EAST,Original,f1 sponsorship,37.62280203709635,150131,146570.25488202096,14,96
10701,2023-03-19 03:44:32.089493223,USA-WEST,Sugarfree,in-store promo,38.651788651031715,91601,92457.12833371825,9,39
10702,2023-10-18 05:56:31.485367976,USA-EAST,Sugarfree,f1 sponsorship,29.03647073644854,69445,73111.67533612635,40,70
10703,2023-12-24 08:39:31.733814896,TH-EAST,Original,extreme sports,34.732085563878414,247474,217284.1845971279,26,1
10704,2023-07-07 04:23:15.896299204,TH-EAST,Sugarfree,Social Media,30.688293538779483,163204,150493.1299525531,59,23
10705,2023-01-01 11:00:07.604329217,TH-NORTH,Sugarfree,in-store promo,29.267499409455354,46555,52876.2471968306,72,39
10706,2025-10-23 14:17:26.334670048,USA-EAST,Sugarfree,Social Media,47.7992046477989,244793,210596.26026182077,51,57
10707,2023-01-21 20:45:20.783513676,TH-NORTH,EnergyShot,f1 sponsorship,34.44707689949446,295829,246158.76108291696,27,81
10708,2024-05-22 14:24:32.068419464,USA-EAST,Original,in-store promo,44.1974889170927,177111,171185.23908284947,64,34
10709,2025-08-21 08:44:27.619400864,TH-EAST,Sugarfree,TV Ad,33.092813095275275,164098,150741.67741681414,16,41
10710,2025-03-11 22:38:24.377950704,EUROPE-EU,Sugarfree,extreme sports,41.63005444447859,264644,225683.17260899235,43,93
10711,2024-01-11 06:06:29.045180460,TH-NORTH,Original,TV Ad,43.20455719779373,274178,240503.35793691973,9,73
10712,2024-11-07 22:16:44.789720992,TH-CENTRAL,Sugarfree,Social Media,39.91277481215688,230630,200907.3831804921,62,13
10713,2024-04-27 20:41:50.241174952,EUROPE-EU,EnergyShot,Social Media,37.43152377100317,148470,139090.58594685758,81,70
10714,2025-10-08 08:35:33.308496992,USA-WEST,EnergyShot,f1 sponsorship,36.23681828294537,186791,168444.2798662881,46,6
10715,2025-11-19 03:59:31.389295088,ASIA-PACIFIC,Sugarfree,Social Media,34.977365330859904,216965,190187.07300359986,37,84
10716,2023-05-07 04:34:11.436467930,USA-EAST,Original,TV Ad,46.59058288495652,70840,88854.7142003603,69,52
10717,2024-04-12 18:56:39.654215224,TH-EAST,EnergyShot,TV Ad,44.61238815575459,148509,139440.2064432876,75,3
10718,2023-07-23 20:54:44.115293958,ASIA-PACIFIC,Sugarfree,extreme sports,47.300538213330256,252367,215964.25294345702,52,81
10719,2023-09-09 22:28:21.466646812,TH-EAST,Original,Social Media,30.485944469710894,199327,180945.06969968858,77,63
10720,2023-12-21 16:25:59.301710236,TH-CENTRAL,EnergyShot,TV Ad,42.617349504072884,140444,132240.81344237083,43,49
10721,2025-09-29 04:52:18.652973504,TH-CENTRAL,EnergyShot,Social Media,46.76680913642076,206779,182672.5068029363,73,76
10722,2023-12-06 10:39:52.574888672,EUROPE-EU,Sugarfree,TV Ad,31.6246613233132,10,73644.48241449197,53,47
10723,2025-08-25 08:18:00.050683616,TH-NORTH,EnergyShot,TV Ad,29.32992534733555,138164,130299.52211297526,19,55
10724,2024-11-05 19:28:17.438454272,EUROPE-EU,EnergyShot,Social Media,42.82241298580118,154088,208625.7075926113,78,64
10725,2023-02-19 04:56:51.398201655,ASIA-PACIFIC,Sugarfree,f1 sponsorship,39.48946226359824,93465,94101.7574273296,30,65
10726,2023-04-22 06:50:21.542775444,TH-CENTRAL,EnergyShot,f1 sponsorship,44.83657553516544,86264,87192.30151148353,6,81
10727,2024-10-23 04:18:42.818305656,TH-EAST,Sugarfree,extreme sports,30.79544753252579,286460,240163.7319832863,57,67
10728,2023-01-03 12:20:34.717426818,EUROPE-EU,Sugarfree,TV Ad,43.905346237197804,72704,91979.52591724614,9,90
10729,2024-12-24 11:51:20.109109992,ASIA-PACIFIC,Original,in-store promo,32.03254640095489,98211,102183.71593003362,9,15
10730,2024-02-11 17:00:42.345304196,EUROPE-EU,EnergyShot,f1 sponsorship,31.27311885731409,285236,243923.1877808676,38,32
10731,2025-06-14 19:34:44.163848608,TH-NORTH,Original,TV Ad,31.285315958619858,221214,196941.71405300513,27,96
10732,2025-02-24 09:51:38.464652296,USA-EAST,EnergyShot,in-store promo,44.29149440462764,217184,189919.30660470563,29,68
10733,2024-04-25 13:17:23.515106968,USA-WEST,EnergyShot,extreme sports,41.303944413924,258556,220585.27677091627,36,18
10734,2025-07-19 10:47:36.333607264,TH-NORTH,Original,f1 sponsorship,38.46130849538238,59568,73164.61644735886,66,83
10735,2025-11-20 01:28:37.575616496,TH-EAST,Original,in-store promo,35.17660968247005,211121,191191.24731600142,42,43
10736,2023-06-02 23:34:08.782087526,ASIA-PACIFIC,Original,Social Media,45.544010816262166,148406,150737.72186564776,78,35
10737,2023-04-08 00:45:39.420485569,TH-EAST,EnergyShot,TV Ad,35.84890214845271,252243,215830.12805682796,84,78
10738,2025-12-29 06:02:15.916890976,EUROPE-EU,Original,Social Media,44.33198878943154,12701,151628.34373303887,51,58
10739,2024-08-20 10:19:41.836485360,ASIA-PACIFIC,EnergyShot,f1 sponsorship,36.78269817140437,194521,174048.27085378242,55,33
10740,2024-04-12 15:20:08.733951744,TH-SOUTH,Original,Social Media,35.53888858849815,149676,145548.42527990718,75,14
10741,2025-06-25 03:12:04.548446832,USA-EAST,Sugarfree,in-store promo,37.25359571339213,157109,145631.78471116882,67,34
10742,2023-12-13 13:04:06.328315640,USA-EAST,EnergyShot,in-store promo,34.02755748328284,235944,203593.9956123663,8,61
10743,2025-03-29 15:39:19.962407944,TH-CENTRAL,Sugarfree,f1 sponsorship,42.95218760352502,196710,175713.28012945666,22,4
10744,2024-04-05 09:26:37.103194592,USA-EAST,EnergyShot,Social Media,38.054407801849585,198986,176652.6403218821,62,88
10745,2024-08-21 08:38:58.287405496,ASIA-PACIFIC,Original,f1 sponsorship,32.64425390293635,144415,140056.49676630518,60,59
10746,2025-04-06 14:08:00.478063680,USA-EAST,Sugarfree,extreme sports,45.991491465491364,170999,156221.8992675055,39,29
10747,2025-09-24 03:24:33.725856176,TH-NORTH,Sugarfree,in-store promo,35.67782442746423,229315,199143.53324095745,43,83
10748,2024-08-01 00:33:08.130543216,TH-CENTRAL,Sugarfree,extreme sports,38.871057222279774,250144,215188.18382238364,85,6
10749,2023-04-07 23:08:39.196794811,TH-NORTH,EnergyShot,extreme sports,46.12944221929094,216614,189312.28042880923,23,97
10750,2023-10-09 04:38:29.236046728,TH-EAST,EnergyShot,extreme sports,40.48475991827984,279022,234814.59776913663,50,49
10751,2024-06-11 14:58:36.893274096,ASIA-PACIFIC,Sugarfree,TV Ad,30.337960814167282,249386,214064.8176294402,57,40
10752,2025-10-03 07:26:44.868485040,EUROPE-EU,Original,TV Ad,46.796642472269504,101054,162372.7579619037,32,83
10753,2025-02-01 10:38:12.308630712,TH-CENTRAL,Original,Social Media,40.55416106142836,198074,184281.21452874737,15,65
10754,2024-05-11 15:56:23.435183000,EUROPE-EU,Original,TV Ad,34.69811229314172,271097,235261.6553842392,21,69
10755,2023-12-05 21:29:13.368684156,USA-EAST,Sugarfree,f1 sponsorship,30.785441453267744,194340,173833.60884861168,56,27
10756,2025-10-19 11:26:35.040740064,TH-SOUTH,Sugarfree,Social Media,43.88050378540592,250841,214961.38959596615,61,80
10757,2025-10-02 06:03:23.788770336,TH-EAST,EnergyShot,extreme sports,40.40145511857027,212379,187762.1007179974,81,6
10758,2023-07-22 03:57:14.077149084,TH-EAST,Original,f1 sponsorship,38.66922183952643,166897,160387.2722120933,70,13
10759,2025-05-30 14:04:59.060868368,TH-SOUTH,Sugarfree,TV Ad,45.87785166101915,98210,98367.63908307062,71,64
10760,2023-04-10 09:15:14.093557170,TH-EAST,Original,extreme sports,43.77194422449061,130085,135199.50389368564,69,62
10761,2023-06-24 21:02:50.345915116,EUROPE-EU,Original,Social Media,31.033497594655024,275736,243548.56496674314,29,99
10762,2024-01-15 06:20:19.838851576,TH-EAST,Sugarfree,Social Media,34.23444135591097,204756,181553.07665452,22,19
10763,2024-01-08 04:23:59.335872968,TH-CENTRAL,Original,Social Media,32.969782796289316,174339,162879.07606779793,31,76
10764,2023-01-19 12:59:15.564733912,TH-NORTH,Sugarfree,in-store promo,42.87892585145354,281224,236591.32510564546,85,80
10765,2025-12-06 15:22:51.762390688,EUROPE-EU,EnergyShot,in-store promo,28.670648694715588,70792,167302.35620748973,56,43
10766,2023-02-22 03:02:42.556714899,TH-SOUTH,Original,TV Ad,39.39779369742633,160141,155216.5036834806,8,74
10767,2024-08-23 10:16:43.756105520,EUROPE-EU,EnergyShot,extreme sports,43.24917371481381,196778,201862.17103004106,30,89
10768,2024-01-12 13:32:34.721726164,EUROPE-EU,EnergyShot,Social Media,45.53531273523499,204086,192533.1237973089,70,20
10769,2024-09-30 15:17:58.102035616,ASIA-PACIFIC,Sugarfree,f1 sponsorship,34.84163497431815,87673,88632.00168168655,8,95
10770,2024-03-17 06:24:18.766401984,TH-EAST,EnergyShot,extreme sports,44.42514609344026,156441,144261.65491482423,12,68
10771,2024-04-25 01:31:54.896709328,ASIA-PACIFIC,EnergyShot,Social Media,30.212634739104146,155748,144503.08856391703,57,44
10772,2024-12-22 23:28:31.406865792,USA-EAST,EnergyShot,in-store promo,44.92904583469036,132422,125644.90304866896,2,23
10773,2024-09-10 21:51:25.570575960,USA-EAST,EnergyShot,Social Media,30.54977324663965,167213,153458.69643045063,34,2
10774,2024-10-10 07:30:06.763366224,TH-EAST,Sugarfree,Social Media,35.945745811207345,140554,132621.47954542883,20,22
10775,2023-08-14 22:51:25.104053048,USA-EAST,EnergyShot,in-store promo,43.94590731559107,88723,89869.09789423662,63,57
10776,2023-05-28 10:35:36.660740518,EUROPE-EU,Sugarfree,f1 sponsorship,30.998348546975475,136184,132473.2974549362,51,72
10777,2024-08-13 16:26:56.000448712,EUROPE-EU,Sugarfree,in-store promo,32.58502790465283,27506,64455.38951463532,33,7
10778,2024-09-06 11:18:43.152100736,ASIA-PACIFIC,EnergyShot,f1 sponsorship,42.445051367861325,183669,165157.1725548823,34,78
10779,2023-08-07 03:09:17.807149892,TH-EAST,EnergyShot,Social Media,42.40073073092149,259563,220730.90978822237,14,56
10780,2023-02-11 16:46:48.222532112,TH-NORTH,EnergyShot,f1 sponsorship,40.82295265770595,224188,195057.41687091105,5,67
10781,2025-10-15 20:54:59.127410752,USA-WEST,Sugarfree,TV Ad,41.878968889342005,126485,122078.80801082225,84,16
10782,2024-06-11 22:59:49.218466984,TH-NORTH,EnergyShot,Social Media,38.854488866951925,63402,67414.24111546164,31,83
10783,2025-12-06 22:58:01.110472000,TH-NORTH,Original,TV Ad,33.03598117813905,83142,90429.87984505415,51,51
10784,2024-10-13 07:35:59.986421480,USA-WEST,Sugarfree,f1 sponsorship,34.91391987007839,174851,159098.06809896714,82,82
10785,2025-03-29 15:07:38.562546688,EUROPE-EU,Original,extreme sports,31.631954336028514,85166,91411.41667660658,27,80
10786,2025-07-28 16:19:28.714177456,TH-CENTRAL,Original,extreme sports,46.169011226672566,158225,158794.6222569935,84,72
10787,2024-08-27 14:11:33.172154368,ASIA-PACIFIC,Original,Social Media,39.66783589532241,85489,96319.80495277978,63,97
10788,2024-07-18 19:12:01.641825336,USA-EAST,Original,TV Ad,36.0170283352728,249857,219784.77389521454,78,12
10789,2024-05-26 18:50:00.972067000,USA-WEST,EnergyShot,Social Media,37.24011607288266,136458,129454.29456809194,77,53
10790,2025-04-18 21:05:31.491543760,TH-CENTRAL,EnergyShot,extreme sports,46.94566679223631,100131,99110.12518889821,18,75
10791,2025-12-12 14:42:31.559434576,EUROPE-EU,Original,TV Ad,31.067028062321604,122091,212465.2360494123,14,5
10792,2023-04-28 16:15:52.203381926,USA-EAST,Original,extreme sports,39.724596640335946,113326,118567.79296109015,5,27
10793,2023-02-27 11:08:58.849453132,USA-WEST,Sugarfree,TV Ad,38.11777357768932,67354,72297.53756775639,72,12
10794,2023-12-21 06:15:46.574351404,USA-WEST,Original,in-store promo,40.22908470869296,170544,164081.89828072832,83,17
10795,2024-12-28 14:07:54.650175312,USA-EAST,Original,TV Ad,28.36220367641681,181335,166312.84088759776,37,6
10796,2025-07-07 20:39:27.860502144,EUROPE-EU,Sugarfree,Social Media,45.44247817888303,205575,192939.13504714685,25,97
10797,2025-08-23 01:04:00.553840592,USA-EAST,Sugarfree,f1 sponsorship,46.64236564967224,97309,98043.88664167712,81,5
10798,2025-09-23 20:39:00.479045680,ASIA-PACIFIC,Sugarfree,extreme sports,39.30266367178418,148426,138754.267818449,50,57
10799,2025-01-29 19:35:51.696953048,TH-CENTRAL,EnergyShot,extreme sports,41.93301647753785,107804,106473.58380853126,72,28
10800,2023-02-16 06:40:19.770022777,USA-WEST,Sugarfree,extreme sports,46.449987623545915,61362,66190.74722313763,52,78
10801,2025-01-24 21:17:56.426226560,ASIA-PACIFIC,Original,extreme sports,42.14477268626797,253030,225322.76540317832,55,69
10802,2023-09-21 12:06:35.890630376,TH-NORTH,Sugarfree,f1 sponsorship,31.050780858285226,224237,195773.96089766824,58,59
10803,2024-03-07 20:08:47.737064480,TH-SOUTH,Sugarfree,TV Ad,39.525767203336265,112269,110292.61189176014,69,33
10804,2024-06-17 08:57:47.293369200,TH-NORTH,EnergyShot,f1 sponsorship,40.13430092765712,189309,169874.59857439727,77,62
10805,2024-08-23 22:31:53.228391048,TH-CENTRAL,Original,extreme sports,36.48261342604772,80732,90252.75762689448,57,50
10806,2023-09-23 05:06:42.865242744,TH-NORTH,EnergyShot,Social Media,42.728884712494455,268610,228047.32435915418,87,19
10807,2024-12-27 03:14:37.767584672,TH-SOUTH,Sugarfree,in-store promo,46.687340295380295,69582,72981.26867238205,12,86
10808,2023-10-30 17:09:50.585296232,ASIA-PACIFIC,Original,TV Ad,46.51137025813553,28456,50767.42910156018,42,69
10809,2024-11-15 17:33:43.157207856,TH-CENTRAL,Sugarfree,f1 sponsorship,37.016787428082644,163366,150401.63954783644,75,66
10810,2023-09-04 05:11:49.349305620,TH-EAST,Sugarfree,TV Ad,30.264760916815106,185260,166625.56469057384,50,94
10811,2023-03-10 14:53:00.611900051,USA-EAST,Original,Social Media,47.69682397924669,166861,165793.06405916088,18,47
10812,2024-09-25 01:52:41.752759488,USA-EAST,Sugarfree,TV Ad,44.77796172891868,55698,60902.38548756526,20,39
10813,2025-06-25 12:29:11.477868784,TH-NORTH,Sugarfree,in-store promo,30.493253624065336,115683,112808.7613836865,82,68
10814,2025-10-16 13:58:06.228882624,EUROPE-EU,Original,in-store promo,46.416837652347446,75693,149839.78936826636,23,33
10815,2025-06-14 16:13:39.152974896,USA-EAST,EnergyShot,in-store promo,45.39792724124257,92541,93315.83712544818,25,13
10816,2023-05-17 05:07:44.638616586,USA-EAST,EnergyShot,extreme sports,38.376761142521445,265105,224525.1770971793,44,84
10817,2025-07-28 19:43:36.475090528,USA-WEST,Sugarfree,Social Media,39.82550871489859,62811,67421.8578922868,27,54
10818,2023-03-25 21:54:24.706788319,TH-SOUTH,Original,f1 sponsorship,35.980054077402606,151867,147476.88833440858,81,7
10819,2025-09-22 02:44:44.317626576,TH-EAST,Original,Social Media,29.095232776440625,210447,188283.2115026304,28,79
10820,2025-12-14 16:35:57.222738832,TH-SOUTH,EnergyShot,TV Ad,34.70394483291802,104112,102350.22002689648,16,87
10821,2023-07-05 23:23:53.376562360,ASIA-PACIFIC,Sugarfree,Social Media,44.05706897196023,195139,174848.14739950362,67,14
10822,2023-11-25 23:03:32.262868112,ASIA-PACIFIC,EnergyShot,f1 sponsorship,28.092640460092056,252737,215877.03002847492,43,87
10823,2023-01-20 06:14:51.388607189,TH-EAST,Original,Social Media,34.669983433822885,79274,88067.3950190095,60,19
10824,2024-08-20 05:29:12.524057152,EUROPE-EU,Original,TV Ad,35.96337387181887,233887,233444.11836497256,67,54
10825,2023-08-08 11:56:04.251055112,TH-CENTRAL,Original,Social Media,38.74791205875846,167280,160711.70653247158,73,93
10826,2023-03-10 02:43:33.777101919,TH-NORTH,Original,in-store promo,46.39711232825521,96516,109846.4008602121,24,20
10827,2024-07-16 08:16:12.127109584,USA-WEST,Original,Social Media,34.92691988731922,138075,136171.65507645416,66,29
10828,2025-06-19 08:21:45.474022464,ASIA-PACIFIC,Original,TV Ad,34.93906403792455,108945,112438.37675727758,1,24
10829,2024-07-31 13:16:39.019772856,TH-CENTRAL,Sugarfree,extreme sports,42.75002496219497,223327,195022.23198666322,48,82
10830,2024-10-27 05:48:47.526266400,USA-EAST,EnergyShot,f1 sponsorship,37.044358817796144,243072,209260.13268302643,69,63
10831,2024-07-16 04:29:20.734523448,ASIA-PACIFIC,EnergyShot,TV Ad,32.49209645879964,253717,216587.4784637322,25,74
10832,2024-10-18 09:33:44.261751512,TH-CENTRAL,EnergyShot,extreme sports,37.04879032265387,296448,247153.64991714823,71,57
10833,2025-04-16 13:27:32.851626320,TH-SOUTH,EnergyShot,TV Ad,30.817140407595996,241202,208256.8584993367,26,8
10834,2023-12-16 21:34:42.316866768,TH-NORTH,Original,extreme sports,31.527739730124466,185113,170276.81413771267,17,90
10835,2025-11-02 11:24:45.279197680,TH-SOUTH,Sugarfree,Social Media,37.9673554547896,122088,117844.05967835676,53,62
10836,2025-02-03 21:35:33.843977920,USA-WEST,EnergyShot,extreme sports,36.37850899009096,174891,158919.08974214987,0,29
10837,2024-05-17 03:25:16.294417040,USA-EAST,EnergyShot,in-store promo,46.296918021362,53375,58213.63455808109,60,74
10838,2025-12-15 16:55:53.255782736,TH-SOUTH,Sugarfree,in-store promo,35.24787798233266,228731,198965.0151059826,2,17
10839,2024-10-09 00:21:03.122283384,ASIA-PACIFIC,Sugarfree,TV Ad,39.61176700556087,148913,139191.10901842033,67,66
10840,2024-03-24 07:01:09.958848928,ASIA-PACIFIC,Original,extreme sports,40.64528575839061,37077,54004.64594643752,40,6
10841,2025-07-02 20:58:13.923478928,EUROPE-EU,EnergyShot,extreme sports,28.261889131766672,43864,62501.38830208216,36,58
10842,2025-12-10 13:12:52.916448272,TH-NORTH,Sugarfree,f1 sponsorship,41.27074744033421,134271,127493.29276435132,50,69
10843,2024-12-23 01:50:13.698110264,EUROPE-EU,Original,Social Media,31.560719337395028,47315,166684.303803687,14,28
10844,2023-11-18 21:03:26.205919992,TH-NORTH,Original,TV Ad,47.2214063493891,137196,142840.78979042533,7,62
10845,2024-03-21 05:34:49.773927792,USA-WEST,Original,in-store promo,30.973254555062258,190072,173840.86345843098,37,41
10846,2023-09-09 13:14:38.476735748,TH-NORTH,Original,f1 sponsorship,36.29248247454048,149779,146058.85175827116,82,69
10847,2024-03-09 09:57:43.890827064,ASIA-PACIFIC,Original,TV Ad,29.706993361572877,201799,182340.76909626936,55,82
10848,2023-02-14 01:01:04.335098927,TH-CENTRAL,Original,extreme sports,47.93748503691894,75361,93825.21293416017,46,90
10849,2024-12-19 10:08:42.292854232,TH-EAST,Sugarfree,TV Ad,38.043900206624855,69005,72568.63743672428,9,84
10850,2025-01-27 16:29:27.141670320,TH-EAST,Sugarfree,Social Media,39.90770034640087,187789,169286.790925132,77,41
10851,2023-10-10 00:53:43.510520724,TH-NORTH,Original,TV Ad,29.34152954776855,155077,146937.9033872615,48,49
10852,2023-03-02 18:12:31.241569011,USA-WEST,EnergyShot,extreme sports,42.99920940798356,50480,55373.53080898706,40,91
10853,2024-04-27 02:43:34.934264664,USA-EAST,EnergyShot,in-store promo,32.19811186191171,132397,126096.37709860718,82,49
10854,2024-06-16 08:41:01.307033624,USA-WEST,Sugarfree,extreme sports,45.96108578881427,67207,71225.1170981991,29,76
10855,2023-11-17 00:21:14.146168908,USA-WEST,Sugarfree,TV Ad,32.10279280964014,171778,156271.36635053903,4,71
10856,2024-10-10 10:45:59.526324600,EUROPE-EU,Original,extreme sports,31.81375441327333,63413,129155.53593208615,70,3
10857,2023-01-12 22:00:50.515026731,USA-WEST,EnergyShot,TV Ad,28.730993356961896,191959,172630.38222060358,82,10
10858,2023-04-01 19:13:30.341319560,TH-SOUTH,Sugarfree,TV Ad,37.44133890219999,246039,211120.44375404765,30,98
10859,2025-01-30 22:12:23.260628760,ASIA-PACIFIC,Sugarfree,TV Ad,39.29682266525233,112596,109933.73676829817,51,89
10860,2023-09-13 18:31:40.812965688,ASIA-PACIFIC,Original,TV Ad,29.31417278856705,285420,242420.4208330055,87,35
10861,2024-03-30 21:30:41.183885600,EUROPE-EU,EnergyShot,TV Ad,43.51055233390021,173165,157126.9001175149,22,80
10862,2023-02-15 06:20:16.290703940,TH-SOUTH,EnergyShot,in-store promo,37.065776694960554,193725,173658.1597509576,47,2
10863,2023-08-20 19:11:12.732489984,TH-NORTH,EnergyShot,Social Media,38.4878053865516,210887,186134.47464514742,39,24
10864,2023-01-07 02:58:43.083385534,TH-NORTH,Sugarfree,TV Ad,36.81525493876456,207866,183346.30597151796,5,74
10865,2025-10-03 13:38:24.395326384,EUROPE-EU,EnergyShot,extreme sports,36.01526121750652,104064,152194.14860901242,37,38
10866,2023-04-26 13:12:33.699157126,USA-EAST,EnergyShot,in-store promo,39.192806626164355,144651,135752.8582229367,40,22
10867,2025-11-04 01:53:17.550749744,TH-SOUTH,Sugarfree,in-store promo,31.10480491861425,55319,60756.39283547558,26,26
10868,2025-06-19 14:41:37.753464816,USA-WEST,EnergyShot,TV Ad,31.63856260990542,48189,54417.169060235945,74,43
10869,2024-05-04 10:09:59.177263280,USA-EAST,Sugarfree,in-store promo,45.235712420270346,126755,121592.23890655293,68,55
10870,2024-01-09 01:24:43.405747988,ASIA-PACIFIC,Sugarfree,f1 sponsorship,46.922309242672654,120416,116732.17812673852,56,39
10871,2023-04-15 16:51:23.515564176,ASIA-PACIFIC,EnergyShot,TV Ad,35.46618632559506,135262,127539.03096780134,16,91
10872,2025-03-21 01:11:45.545122160,TH-CENTRAL,EnergyShot,f1 sponsorship,33.41489346287108,73663,77673.64017763801,70,29
10873,2025-07-20 09:05:06.149999936,ASIA-PACIFIC,Sugarfree,f1 sponsorship,40.87999086478031,226362,197633.65410736873,46,20
10874,2024-06-25 05:01:06.252111544,TH-NORTH,EnergyShot,f1 sponsorship,36.17468342196193,260223,221392.8829552478,78,91
10875,2024-06-28 22:45:45.633477360,USA-EAST,Original,in-store promo,28.507727113206897,280172,237742.927074807,12,41
10876,2024-11-22 00:53:44.778870288,EUROPE-EU,EnergyShot,Social Media,31.12305194732381,58554,148472.46070392517,10,54
10877,2024-07-28 05:51:14.860822416,TH-CENTRAL,Sugarfree,Social Media,42.31944457694795,215748,190173.13982508573,85,20
10878,2025-11-17 18:06:35.477022336,USA-WEST,Sugarfree,Social Media,41.17847883820303,259218,221110.2246871745,23,19
10879,2024-12-23 09:52:33.578889160,USA-WEST,EnergyShot,f1 sponsorship,28.541919850069668,142334,133658.2222186972,72,84
10880,2025-09-17 18:48:32.877026944,TH-SOUTH,EnergyShot,Social Media,32.43944323865899,116010,111882.55897408887,3,99
10881,2024-03-24 19:42:46.249761200,USA-EAST,Sugarfree,Social Media,32.62149593176143,282752,237344.91117069803,45,66
10882,2025-03-05 16:48:50.457001160,USA-EAST,Sugarfree,TV Ad,41.437854871974565,167221,153135.31021541462,17,30
10883,2024-03-08 19:16:33.789372624,USA-WEST,Original,extreme sports,28.394210755087283,158860,149450.7773181756,42,53
10884,2024-07-22 17:14:15.353590952,TH-CENTRAL,Original,Social Media,30.082171639691477,78833,85683.21931269916,79,34
10885,2024-04-29 07:53:01.981755168,USA-EAST,EnergyShot,TV Ad,43.99832170746379,67560,71631.00291467135,32,22
10886,2024-02-01 19:27:57.441757060,USA-EAST,Sugarfree,extreme sports,31.570893241086672,256418,218421.37249670233,9,67
10887,2025-11-26 03:51:02.849067936,TH-SOUTH,Sugarfree,Social Media,41.054922157037495,192300,172826.63523750362,72,6
10888,2025-09-03 03:11:10.483151088,EUROPE-EU,Original,Social Media,32.76365562093453,70576,115164.91680388973,58,79
10889,2023-01-23 07:40:54.835029405,TH-SOUTH,EnergyShot,TV Ad,29.988827855186905,86462,88347.2434780533,30,27
10890,2023-11-13 02:18:34.198248664,ASIA-PACIFIC,EnergyShot,TV Ad,32.86344381998908,177205,161099.45603392628,27,10
10891,2024-03-15 10:23:04.392828936,TH-EAST,Original,TV Ad,42.44533863711318,172416,166783.85785222705,59,73
10892,2024-08-22 23:48:04.889601184,TH-NORTH,Sugarfree,in-store promo,45.11392936212572,90913,91398.72024901163,2,97
10893,2023-11-30 16:36:11.940190420,USA-WEST,Original,Social Media,44.604397291339836,243883,220281.14957829477,54,96
10894,2024-10-02 23:54:28.859471936,ASIA-PACIFIC,Sugarfree,f1 sponsorship,35.943670592369095,62222,66852.87323117022,13,48
10895,2025-12-26 12:35:42.683420512,USA-EAST,Sugarfree,Social Media,41.36170273141292,126491,121218.61703328433,57,70
10896,2023-09-12 16:30:41.719302568,USA-WEST,Sugarfree,Social Media,32.09968590831642,211343,186076.88275250443,14,59
10897,2023-04-19 07:43:00.928522408,TH-EAST,Original,extreme sports,33.86295460522027,100287,104824.07276384014,1,59
10898,2023-05-12 07:17:31.988864828,TH-EAST,Sugarfree,Social Media,45.9267163704224,251227,215535.03895625437,23,2
10899,2024-08-13 09:42:07.705525928,TH-CENTRAL,EnergyShot,in-store promo,28.26003847021472,226796,197973.5653200807,77,29
10900,2025-04-14 02:28:34.810504352,TH-SOUTH,Original,in-store promo,29.71017061708936,236791,207804.56890962683,63,68
10901,2023-06-06 12:43:07.915193714,ASIA-PACIFIC,Sugarfree,Social Media,32.157725102920544,69714,73821.30717534325,70,65
10902,2023-10-23 21:06:11.927924760,USA-EAST,EnergyShot,extreme sports,28.530644077476396,75695,78109.42559910858,23,83
10903,2024-09-20 07:15:36.463690656,TH-EAST,Original,extreme sports,31.628708701795947,104284,107294.74754891673,26,26
10904,2023-03-31 21:10:35.441493039,TH-CENTRAL,Sugarfree,f1 sponsorship,39.66083121939384,168118,153615.43303951222,36,89
10905,2024-05-15 12:04:49.256752216,TH-NORTH,Original,f1 sponsorship,36.42849101184996,221767,199603.21533988047,38,10
10906,2024-07-03 00:42:21.816938560,TH-CENTRAL,EnergyShot,f1 sponsorship,45.8534342215395,254287,217306.17815218068,62,53
10907,2024-08-12 16:46:41.318944312,USA-WEST,Sugarfree,extreme sports,44.34887123476882,217384,190867.0631914361,78,79
10908,2023-07-28 05:57:37.210438488,TH-CENTRAL,Sugarfree,in-store promo,34.83634703395752,280455,235719.37630612767,25,59
10909,2025-07-16 02:00:18.853637648,USA-WEST,Original,in-store promo,33.18846866862585,221025,197748.70192318605,64,22
10910,2025-01-07 04:18:30.158318264,ASIA-PACIFIC,EnergyShot,f1 sponsorship,35.59384816334534,114568,111253.57740092295,3,51
10911,2023-12-17 15:35:05.713673228,USA-WEST,Original,f1 sponsorship,39.80589885029615,93841,103016.25686771452,28,48
10912,2024-01-27 22:04:31.920045804,TH-EAST,Original,f1 sponsorship,33.36127281645753,209798,189238.49006021797,0,21
10913,2023-02-02 12:10:28.149949247,TH-EAST,EnergyShot,in-store promo,40.48297815698268,86653,88574.11373792286,49,22
10914,2023-03-27 04:48:25.874503845,EUROPE-EU,EnergyShot,Social Media,36.18823304382481,64046,68542.96216205397,85,98
10915,2025-10-17 15:33:17.248432704,ASIA-PACIFIC,Original,TV Ad,39.0409436170396,161994,156444.5749712388,10,30
10916,2025-07-04 09:35:18.559899776,TH-EAST,Sugarfree,f1 sponsorship,36.722530582706334,249398,214328.31395579106,73,25
10917,2023-06-16 17:37:03.193896276,USA-EAST,Sugarfree,in-store promo,33.88931519083835,65673,70275.9684939727,58,28
10918,2023-07-24 15:12:19.876922106,ASIA-PACIFIC,EnergyShot,TV Ad,46.96906613924313,241997,208378.26475914585,61,65
10919,2023-05-10 03:57:22.409428092,TH-SOUTH,Sugarfree,extreme sports,43.27211588319521,246610,212314.40087030962,80,45
10920,2024-01-22 01:35:28.625124864,USA-EAST,EnergyShot,f1 sponsorship,30.802263515329052,159053,146454.80001630873,35,68
10921,2023-11-25 21:41:51.632200580,USA-EAST,Sugarfree,Social Media,45.36935951795826,55641,61462.06200209736,55,7
10922,2023-08-02 05:17:37.823444580,USA-WEST,Original,extreme sports,37.74862396499027,73998,84917.97024943729,20,49
10923,2025-09-13 12:35:39.045781232,USA-WEST,EnergyShot,Social Media,45.891044537881825,218184,191485.25503238646,12,9
10924,2023-07-08 10:30:58.797477282,TH-SOUTH,Original,in-store promo,43.99710511894631,206170,192355.5889981899,8,36
10925,2023-06-22 11:13:36.780059586,EUROPE-EU,EnergyShot,Social Media,36.50427008938467,261993,229671.05503353308,10,83
10926,2024-06-18 12:32:22.707845736,TH-SOUTH,Sugarfree,extreme sports,28.44938616640235,183943,166537.22931091656,74,1
10927,2023-04-27 00:14:18.549002476,ASIA-PACIFIC,Original,f1 sponsorship,33.37354718769892,64796,74821.47354275548,69,10
10928,2024-10-20 21:09:06.395962176,TH-EAST,Sugarfree,Social Media,38.83268429321734,70529,74282.98110099442,0,36
10929,2023-07-19 23:35:39.449202424,ASIA-PACIFIC,EnergyShot,Social Media,40.669564396522944,222462,194226.47147136473,69,73
10930,2024-03-14 21:09:53.144717824,TH-CENTRAL,Original,Social Media,33.157753708664046,78590,86756.93302158022,76,46
10931,2023-07-23 14:34:01.307184782,TH-SOUTH,Sugarfree,f1 sponsorship,30.78712148145648,118842,115677.09992332108,85,32
10932,2024-06-19 18:40:04.589014456,TH-NORTH,Sugarfree,in-store promo,44.69860473598598,159348,147442.4013843828,55,32
10933,2024-07-06 10:14:17.071208032,ASIA-PACIFIC,Original,Social Media,47.68804361407104,31846,54952.97551523024,30,6
10934,2023-02-23 12:26:55.165589063,TH-EAST,EnergyShot,in-store promo,38.51380364605372,99836,99763.80540398636,85,48
10935,2024-08-17 08:44:34.112551872,EUROPE-EU,Sugarfree,Social Media,31.43358571696607,105613,131577.921701456,36,38
10936,2023-03-02 13:55:34.400404109,ASIA-PACIFIC,Sugarfree,f1 sponsorship,33.44614653038738,107119,105927.26369864124,46,17
10937,2024-01-07 06:09:12.057254116,USA-EAST,Sugarfree,TV Ad,28.367813530949334,73816,77274.06549351316,77,74
10938,2023-11-13 20:13:07.639063528,TH-SOUTH,EnergyShot,extreme sports,46.28597613120998,223941,195602.45155923947,46,27
10939,2023-10-29 03:13:01.592314352,TH-CENTRAL,EnergyShot,TV Ad,30.355021657802823,247432,212629.53103359698,68,54
10940,2024-10-15 12:28:14.165206400,ASIA-PACIFIC,Sugarfree,extreme sports,39.53032951028507,101903,101495.79522874497,57,50
10941,2023-04-09 01:42:59.506744511,TH-CENTRAL,Sugarfree,TV Ad,33.48110441374412,236682,204883.89892126067,35,35
10942,2023-10-11 17:47:17.621499032,USA-EAST,Sugarfree,f1 sponsorship,39.08356005031587,134263,127110.71288026277,31,85
10943,2025-09-30 00:36:14.012162000,USA-EAST,EnergyShot,extreme sports,41.02840776703729,164632,151337.15817080054,63,25
10944,2025-05-20 02:55:31.945065632,TH-SOUTH,Sugarfree,f1 sponsorship,44.594836074144034,259056,221200.21497863057,70,28
10945,2023-10-07 13:03:05.235720144,TH-EAST,Original,f1 sponsorship,32.128425435212066,224791,199990.73636048156,41,15
10946,2025-05-02 15:21:32.967506368,TH-EAST,Sugarfree,in-store promo,28.21991657316961,244885,211023.37026323556,47,4
10947,2024-09-24 03:34:45.874765880,USA-WEST,Original,TV Ad,30.737712601376145,68975,77369.03331727136,73,93
10948,2023-11-05 13:57:00.770223880,TH-SOUTH,EnergyShot,TV Ad,46.0003728369621,59086,63943.885166745895,80,73
10949,2023-03-27 04:26:59.732692900,TH-CENTRAL,EnergyShot,extreme sports,45.47780155125031,270147,228680.9458175974,29,27
10950,2024-10-08 09:53:21.848831856,EUROPE-EU,Sugarfree,Social Media,39.94826204340617,68051,127566.85391421887,20,26
10951,2023-03-03 17:47:56.411887153,USA-WEST,EnergyShot,extreme sports,40.010337208673064,109167,107575.93561393616,59,19
10952,2023-04-08 04:38:25.752220499,USA-WEST,Original,Social Media,41.30073349092511,211929,194939.2508523649,12,92
10953,2024-11-12 04:53:44.996625168,TH-NORTH,Sugarfree,TV Ad,31.507425572468993,254218,217283.11931597133,0,17
10954,2024-05-02 02:40:07.387477432,USA-EAST,EnergyShot,in-store promo,46.2882389184992,261591,222497.9243796602,64,43
10955,2025-06-21 17:51:08.420222560,TH-CENTRAL,Sugarfree,Social Media,36.375410497841465,116316,113199.42822504547,32,41
10956,2023-06-28 15:21:55.110800426,TH-CENTRAL,EnergyShot,Social Media,35.66277056498995,258644,220442.4782403348,37,42
10957,2025-10-27 13:48:45.355899120,TH-SOUTH,Sugarfree,Social Media,38.378354105656754,52616,58186.788874869075,24,50
10958,2023-05-07 11:32:48.301174054,EUROPE-EU,EnergyShot,Social Media,28.9393193355011,53978,59932.29829194378,25,84
10959,2024-10-27 05:48:46.094518464,ASIA-PACIFIC,Sugarfree,f1 sponsorship,31.32566737512159,195198,174703.8390348309,76,40
10960,2025-10-29 07:46:23.546012048,TH-CENTRAL,Sugarfree,TV Ad,42.760672328527406,57023,62621.273823109244,58,39
10961,2024-08-20 08:45:47.869330720,ASIA-PACIFIC,Sugarfree,in-store promo,29.65597335850253,118486,114921.83370203231,32,23
10962,2025-09-12 07:55:58.636537312,TH-SOUTH,Sugarfree,extreme sports,40.06304218932776,209369,184551.1972493848,40,96
10963,2023-06-19 00:55:18.139565232,TH-EAST,Sugarfree,TV Ad,32.90698219362642,121724,117453.37921084526,29,52
10964,2023-06-24 17:30:56.684046396,TH-CENTRAL,Original,f1 sponsorship,35.78591228083953,76144,85919.95628801918,56,47
10965,2025-10-07 12:36:25.771138416,TH-SOUTH,EnergyShot,f1 sponsorship,33.773874735414,108142,106270.12437076832,48,63
10966,2023-10-18 16:51:39.381484880,USA-WEST,EnergyShot,Social Media,35.11345432929898,152820,141515.06645008636,47,97
10967,2025-08-02 10:54:42.739924512,TH-NORTH,Sugarfree,Social Media,42.380918103684905,156387,145077.1710710965,71,69
10968,2024-03-31 10:20:17.868209928,TH-NORTH,EnergyShot,TV Ad,33.942434312463504,239166,206600.04626944038,48,43
10969,2023-08-13 23:27:29.979163804,TH-SOUTH,EnergyShot,TV Ad,39.32809280593794,230219,200030.64588630252,46,48
10970,2025-12-23 15:26:38.968114480,TH-EAST,Original,in-store promo,37.52100804398199,143186,141363.56091122702,55,34
10971,2024-06-13 08:21:51.006480104,TH-CENTRAL,Original,extreme sports,41.27342330725296,245056,219133.46981975427,64,40
10972,2024-01-16 06:32:11.477969704,EUROPE-EU,Original,Social Media,46.73659478649516,38801,72847.42771827917,11,75
10973,2024-06-04 17:28:43.063285720,ASIA-PACIFIC,EnergyShot,f1 sponsorship,42.651441944205004,101798,101070.6700457803,68,61
10974,2023-07-12 19:57:02.274989606,TH-SOUTH,Sugarfree,extreme sports,32.29880757181513,251286,215595.2927004503,87,50
10975,2023-07-31 21:43:42.818421288,ASIA-PACIFIC,Original,f1 sponsorship,28.623662701225694,128667,125598.80772523062,5,67
10976,2024-09-09 08:55:11.235727472,EUROPE-EU,EnergyShot,Social Media,33.2452808859965,248628,246236.31175876842,64,62
10977,2024-10-29 06:20:22.069876264,TH-CENTRAL,Original,f1 sponsorship,39.9015586140051,144105,143250.65630556707,24,58
10978,2024-04-14 13:35:12.272976792,TH-EAST,Original,Social Media,29.028516269685007,238400,208387.1245927528,0,33
10979,2023-09-18 02:33:32.068777692,TH-NORTH,Original,in-store promo,37.927324944024726,129213,130461.4082764744,31,75
10980,2023-03-02 05:17:40.649644719,ASIA-PACIFIC,EnergyShot,Social Media,39.93685697833779,143628,134990.70381248608,2,16
10981,2023-06-30 09:17:31.451178754,TH-EAST,Original,f1 sponsorship,34.68487781633922,126224,126576.6294568367,48,82
10982,2024-11-14 11:31:09.788012616,ASIA-PACIFIC,Sugarfree,Social Media,43.41824407491644,222206,193815.12410216234,18,94
10983,2024-02-23 18:37:43.209376000,USA-WEST,Sugarfree,f1 sponsorship,30.131965062675437,175223,159503.5768119989,59,48
10984,2024-01-02 03:44:08.134419552,TH-EAST,EnergyShot,TV Ad,29.502755634716173,284162,238755.62227367383,28,10
10985,2024-01-30 04:54:29.984988496,EUROPE-EU,Original,TV Ad,42.563775124072066,78280,100178.06330682096,49,82
10986,2023-10-02 21:01:13.441481468,USA-WEST,Original,extreme sports,37.90982632412397,57146,70112.54641668887,1,38
10987,2024-11-13 08:56:42.354714624,TH-SOUTH,EnergyShot,in-store promo,41.76804792855472,135171,128652.29701984304,72,19
10988,2025-06-11 12:55:51.499803344,USA-EAST,Sugarfree,extreme sports,36.696546772074925,193762,173342.5415293552,55,36
10989,2025-11-01 17:03:39.398277664,ASIA-PACIFIC,Sugarfree,TV Ad,32.92804066478214,261289,222159.787383099,16,59
10990,2024-01-02 14:54:09.360435612,EUROPE-EU,Sugarfree,extreme sports,44.38204635348399,104766,119239.37733606553,59,63
10991,2025-06-27 12:13:29.570329024,USA-WEST,EnergyShot,in-store promo,43.98831757937958,204703,180757.35022489232,35,77
10992,2025-04-20 15:36:48.019442992,TH-NORTH,Sugarfree,extreme sports,41.893929417088536,124593,120039.7362046438,60,46
10993,2024-01-19 02:10:32.114477976,USA-EAST,EnergyShot,Social Media,33.44290274459925,193786,173443.9165988916,16,3
10994,2025-04-09 09:13:26.889807152,EUROPE-EU,EnergyShot,extreme sports,39.80461333738174,268225,226961.5894061302,48,74
10995,2023-12-26 05:56:30.541757376,TH-CENTRAL,Sugarfree,Social Media,35.21947793880054,95649,96271.52845188181,75,65
10996,2025-10-23 00:04:11.691034096,USA-WEST,Sugarfree,extreme sports,29.831641466532684,138611,130848.32842140783,59,91
10997,2024-02-14 19:16:17.712416044,USA-WEST,Original,in-store promo,46.34627150924486,282979,248653.03928594931,19,8
10998,2023-08-25 09:42:48.730565604,TH-SOUTH,EnergyShot,Social Media,30.736372618379228,263310,223711.40564989217,49,51
10999,2025-02-20 07:50:36.482502536,USA-WEST,Sugarfree,in-store promo,47.00474707641605,180736,162927.9715792404,2,81
11000,2024-10-14 08:34:27.276000360,TH-EAST,Sugarfree,Social Media,36.92011545915911,167475,153325.51837085508,42,73
11001,2023-08-10 14:52:19.842335720,TH-CENTRAL,Original,TV Ad,31.702658576772393,103455,106920.0764609362,56,6
11002,2023-07-10 13:04:32.196565234,TH-SOUTH,Original,in-store promo,38.838018947567164,157925,153441.8855387059,49,89
11003,2025-08-11 18:58:11.324802624,USA-WEST,Original,in-store promo,45.45891671752817,242078,219636.29965598942,67,39
11004,2023-01-26 17:40:53.387000414,ASIA-PACIFIC,Original,extreme sports,42.644497728191226,199315,187034.9026555561,80,60
11005,2024-03-16 01:39:42.267919592,TH-NORTH,EnergyShot,in-store promo,44.131222957229,109942,108008.80563559732,49,28
11006,2024-12-14 14:45:08.484637960,TH-NORTH,EnergyShot,TV Ad,41.175667334214346,89887,90292.7842107066,36,97
11007,2023-05-17 10:24:20.836282258,TH-EAST,EnergyShot,Social Media,41.84553129035705,104271,103041.70739936581,45,54
11008,2025-11-06 12:51:06.551943904,TH-EAST,Sugarfree,TV Ad,44.983913031306386,81217,83951.8402785653,41,37
11009,2023-09-27 08:38:03.174956580,ASIA-PACIFIC,Sugarfree,Social Media,32.99336017718372,64383,69128.13920474319,14,9
11010,2023-10-03 05:18:24.533423184,TH-NORTH,Sugarfree,in-store promo,37.78849927286281,142685,133827.234888411,32,82
11011,2024-10-14 21:11:11.670234776,TH-NORTH,Sugarfree,Social Media,32.42418883639205,68153,72659.92087965354,79,56
11012,2025-03-13 14:47:17.495871984,TH-NORTH,Original,f1 sponsorship,47.75336015993294,64788,84382.51154542087,10,59
11013,2025-04-30 07:19:48.621459248,TH-NORTH,EnergyShot,TV Ad,46.88118679373227,176402,159464.93686789722,19,85
11014,2024-08-15 03:58:59.057063912,EUROPE-EU,Original,extreme sports,28.788536227370116,44169,82919.85473991494,23,2
11015,2024-01-12 19:11:32.637981632,ASIA-PACIFIC,Original,Social Media,42.11150345031377,45242,62775.95348618057,63,61
11016,2024-07-01 01:45:18.637955328,USA-EAST,EnergyShot,extreme sports,46.50496634831332,116943,113477.77000557704,79,58
11017,2024-02-29 12:07:23.756970656,ASIA-PACIFIC,EnergyShot,f1 sponsorship,31.611506902546672,93313,94063.81972439351,64,60
11018,2024-01-17 00:37:07.577677220,USA-WEST,EnergyShot,TV Ad,39.35890461105259,166557,153061.03759887535,87,40
11019,2023-03-31 22:27:09.156967078,TH-NORTH,EnergyShot,f1 sponsorship,46.30976595176084,65656,70473.41691664186,87,36
11020,2023-01-15 04:35:50.565455868,TH-NORTH,Sugarfree,TV Ad,28.678919571715976,230200,200354.15753659562,72,37
11021,2024-10-08 03:29:13.682208648,EUROPE-EU,Original,f1 sponsorship,41.9484053449368,195228,231246.70388702772,85,79
11022,2025-07-24 05:17:13.243483392,TH-SOUTH,EnergyShot,extreme sports,33.946980147451015,228675,198687.03479123887,75,92
11023,2025-12-05 00:02:31.964160192,TH-NORTH,Sugarfree,f1 sponsorship,46.48792390753061,171395,156565.40748027887,16,18
11024,2023-02-12 22:29:02.468435962,TH-CENTRAL,Original,f1 sponsorship,47.42116490330736,243746,222133.56435777704,60,98
11025,2023-11-20 20:34:49.985223168,ASIA-PACIFIC,Sugarfree,in-store promo,46.88532978226868,215388,188983.6759563015,14,63
11026,2024-12-20 14:37:35.193617208,USA-EAST,Original,TV Ad,37.484284333149276,37571,52110.224490037974,50,22
11027,2025-10-06 06:27:39.081136944,ASIA-PACIFIC,Original,TV Ad,45.24085301978627,121068,128818.03055490062,26,11
11028,2024-09-29 04:39:02.705982448,TH-CENTRAL,Sugarfree,TV Ad,44.8909879707014,257714,220190.37988136002,85,58
11029,2023-06-16 03:38:58.340784448,USA-WEST,Sugarfree,Social Media,34.382009464865114,123462,119171.77159505385,73,57
11030,2025-04-13 19:04:12.833651464,USA-EAST,Original,extreme sports,44.57830948301355,37022,57043.0347051047,60,77
11031,2023-03-09 11:21:16.409118995,TH-CENTRAL,Original,f1 sponsorship,28.740152694309852,225368,199235.92771045447,57,4
11032,2023-02-21 02:07:51.078788009,ASIA-PACIFIC,Sugarfree,extreme sports,39.92539756964106,244904,210407.65405657372,30,86
11033,2023-03-05 08:07:19.703409663,TH-CENTRAL,Original,f1 sponsorship,32.60017674575406,74068,82118.73900866171,11,7
11034,2023-10-12 01:11:08.449009868,USA-WEST,Original,f1 sponsorship,30.411337715545578,168377,157468.09936863623,45,61
11035,2024-05-15 12:57:16.892054424,TH-CENTRAL,Sugarfree,in-store promo,29.539064032584182,86866,88391.08779914514,30,54
11036,2023-03-17 16:25:46.001038020,ASIA-PACIFIC,Original,extreme sports,41.9257755175628,209648,193846.88380882936,31,88
11037,2024-07-16 10:21:20.446927880,TH-CENTRAL,Sugarfree,in-store promo,34.797499275361325,105830,104310.09103549714,31,68
11038,2023-09-26 03:48:58.008230500,TH-EAST,EnergyShot,in-store promo,42.49533543057523,117342,113243.02451266602,52,92
11039,2025-08-03 21:24:50.330549808,TH-NORTH,Sugarfree,Social Media,29.307126815978847,256554,218994.17072802028,60,79
11040,2023-07-04 08:48:07.163258284,EUROPE-EU,Sugarfree,f1 sponsorship,34.305806756612206,141987,145264.47044138086,45,1
11041,2023-05-01 04:28:26.549258762,TH-NORTH,EnergyShot,Social Media,38.78982584750675,207894,183950.89024364957,84,55
11042,2025-02-15 05:17:46.010968016,USA-EAST,Original,in-store promo,43.81446329677927,124325,130474.61014449353,73,3
11043,2025-09-08 12:24:14.847508320,TH-CENTRAL,EnergyShot,in-store promo,34.3750500586414,112232,109601.37143875108,79,78
11044,2025-06-09 11:40:20.252590896,USA-WEST,EnergyShot,Social Media,40.517827528740185,196690,175095.61208493228,6,38
11045,2023-07-20 03:43:33.574538430,TH-SOUTH,EnergyShot,extreme sports,45.71955496472374,77739,80971.51481576425,3,1
11046,2023-05-09 02:12:04.568286490,TH-SOUTH,EnergyShot,f1 sponsorship,40.31726376364609,130614,124599.9671133726,51,38
11047,2023-06-21 01:35:00.907961412,USA-EAST,Original,Social Media,32.659189495072674,85323,91807.40747718446,30,85
11048,2025-02-12 19:41:22.284571976,EUROPE-EU,Original,extreme sports,28.48801563113076,205156,189158.9933881491,74,29
11049,2025-06-20 11:48:00.542643056,TH-CENTRAL,Original,f1 sponsorship,45.401977478018594,269083,238841.7676692215,83,5
11050,2025-11-09 06:37:22.059269056,USA-WEST,Sugarfree,TV Ad,28.425388217007743,299718,249102.19360317328,35,74
11051,2023-05-29 19:33:02.510270604,TH-SOUTH,Sugarfree,extreme sports,45.49403345368399,150418,140055.36208831816,53,92
11052,2024-07-25 00:26:04.652938696,USA-EAST,EnergyShot,f1 sponsorship,38.57874268054424,100609,100506.07792728889,53,21
11053,2023-10-23 04:28:05.878481504,ASIA-PACIFIC,EnergyShot,extreme sports,46.781353970257925,149107,138565.87407686483,16,71
11054,2025-08-27 15:03:48.003594448,EUROPE-EU,EnergyShot,TV Ad,43.97566471547331,218900,219453.88199254478,74,67
11055,2024-06-17 17:01:52.930991016,USA-WEST,EnergyShot,f1 sponsorship,47.95868221066675,90280,91201.13571040798,29,47
11056,2023-06-29 12:05:56.019080534,TH-EAST,Original,f1 sponsorship,35.0142363090342,280094,240419.13033058474,21,84
11057,2023-05-28 02:40:21.771742480,TH-CENTRAL,Sugarfree,Social Media,43.34376577862254,123037,118373.15375963021,42,83
11058,2024-06-27 21:19:35.617087600,USA-EAST,Original,TV Ad,36.03861827218484,289305,247160.73189006097,26,35
11059,2023-11-19 04:30:56.984277020,TH-CENTRAL,Sugarfree,TV Ad,37.59751240607818,254907,217721.77750679245,36,68
11060,2023-06-27 07:15:50.559265600,USA-EAST,Sugarfree,f1 sponsorship,40.5501092643674,246637,211714.10682947806,45,69
11061,2023-03-09 16:46:06.274491698,USA-EAST,EnergyShot,TV Ad,45.47354228372677,116559,113580.93475465672,34,1
11062,2025-12-22 09:11:51.766737488,ASIA-PACIFIC,Original,Social Media,47.681669383985906,28744,51755.44238958589,3,68
11063,2025-07-17 16:02:21.613891520,USA-EAST,Sugarfree,TV Ad,43.36546827729036,132207,126426.58176519757,79,12
11064,2025-01-18 04:56:05.830090552,EUROPE-EU,EnergyShot,f1 sponsorship,36.35533564334668,99505,110361.87393253873,79,60
11065,2025-11-18 21:07:37.386498384,TH-SOUTH,EnergyShot,in-store promo,36.42714004554141,51240,57479.39808175946,84,27
11066,2024-09-15 08:43:08.100922584,TH-EAST,Original,TV Ad,42.75164603177783,151862,151073.05130118591,25,56
11067,2025-02-27 20:09:20.864336968,TH-NORTH,Original,extreme sports,32.775542915366046,132760,130606.26225654733,18,23
11068,2025-11-10 02:37:14.190633216,ASIA-PACIFIC,Sugarfree,Social Media,30.209482262627894,197973,176911.29354830494,80,25
11069,2023-09-17 00:20:33.838041380,USA-WEST,EnergyShot,in-store promo,35.092443152815534,194844,174237.26443881664,44,21
11070,2024-11-21 22:39:14.653369264,TH-NORTH,Original,extreme sports,33.74477983308164,64246,74149.32717933602,25,61
11071,2025-07-10 04:14:37.075703376,TH-SOUTH,Original,f1 sponsorship,33.926162409119804,287904,245393.1092253245,21,63
11072,2025-06-19 20:22:39.997085440,TH-CENTRAL,EnergyShot,extreme sports,32.6721550209982,85457,87386.28588828939,57,52
11073,2025-01-28 08:21:49.758129416,TH-NORTH,Original,Social Media,28.84186379272724,145026,139054.8049529409,62,88
11074,2023-09-05 17:39:15.891176036,TH-NORTH,Sugarfree,TV Ad,28.357478694668277,159881,147623.508686747,27,25
11075,2024-03-24 23:01:22.000659096,TH-SOUTH,Sugarfree,TV Ad,47.75444779472063,247356,212612.55944282401,64,55
11076,2025-03-29 08:47:06.724910552,USA-EAST,EnergyShot,Social Media,36.55546267471725,65596,69845.91921892935,43,46
11077,2024-07-09 20:33:11.075551648,USA-WEST,EnergyShot,extreme sports,35.68653294319363,144439,135728.85584170633,42,32
11078,2025-08-16 07:48:28.511290288,TH-CENTRAL,EnergyShot,TV Ad,41.5929456538614,197385,175700.43404724076,36,55
11079,2024-10-05 20:16:30.314139000,USA-EAST,EnergyShot,in-store promo,32.365077757301286,92935,93031.12432481111,65,96
11080,2024-09-02 22:23:40.977417448,TH-EAST,Sugarfree,extreme sports,46.99922367900451,196518,175493.57975321455,16,5
11081,2025-05-29 23:05:57.689675520,TH-SOUTH,Sugarfree,extreme sports,43.72690028831104,278483,234732.96750993055,39,36
11082,2023-04-20 12:45:09.144248022,TH-CENTRAL,Sugarfree,extreme sports,29.78822004624519,299950,249503.62623453498,37,49
11083,2023-12-04 03:21:05.734790352,TH-NORTH,Original,in-store promo,36.35161551569857,42605,56490.215358135145,84,58
11084,2024-06-14 16:59:04.321237312,USA-EAST,EnergyShot,extreme sports,45.58236615124329,96995,97117.6456489355,60,39
11085,2025-05-07 11:25:08.521893104,USA-EAST,Sugarfree,extreme sports,46.8946404458282,115722,112061.42315833949,8,80
11086,2023-01-15 13:03:08.762126074,EUROPE-EU,Sugarfree,in-store promo,37.348030224997395,122963,129825.22008899321,76,97
11087,2024-02-17 21:40:25.761998976,ASIA-PACIFIC,EnergyShot,f1 sponsorship,40.268227784214154,99009,98451.43151695348,74,85
11088,2023-12-07 07:34:57.411695348,USA-WEST,Sugarfree,TV Ad,31.340678921841505,89248,90697.5989110625,60,61
11089,2024-05-15 18:46:56.773705528,USA-EAST,Original,extreme sports,47.82337252273953,269931,240910.7684835,79,9
11090,2023-07-26 16:02:35.143283056,ASIA-PACIFIC,EnergyShot,in-store promo,32.63343402766887,277117,233704.3205541036,15,6
11091,2024-02-03 16:32:52.018571328,USA-EAST,EnergyShot,f1 sponsorship,46.85463548270251,54493,59398.50020062349,1,35
11092,2024-03-11 06:39:27.152961752,TH-SOUTH,Sugarfree,extreme sports,40.99293297984737,121537,117762.60432096964,71,39
11093,2024-07-21 23:43:14.883535600,USA-EAST,EnergyShot,extreme sports,40.15473589757718,138770,131029.71073568132,42,22
11094,2024-01-10 16:22:14.494915416,USA-WEST,Sugarfree,Social Media,38.25377022033017,97552,97802.90693318867,41,41
11095,2025-04-08 12:43:15.319803144,TH-EAST,Sugarfree,TV Ad,32.61339623435517,196248,175774.5793976351,76,5
11096,2024-10-25 23:02:51.960017728,ASIA-PACIFIC,Sugarfree,extreme sports,31.530560640110167,199943,178076.14932884823,56,42
11097,2024-09-02 05:28:14.535753360,TH-CENTRAL,Sugarfree,Social Media,32.409724181403504,258048,220100.84566571942,80,87
11098,2023-09-13 10:39:19.295975308,TH-CENTRAL,Original,extreme sports,31.72876524288509,222061,198173.85367704357,87,81
11099,2025-01-05 01:11:55.064455016,USA-EAST,Sugarfree,in-store promo,43.591689471335066,174381,158514.66539319113,66,76
11100,2023-09-05 05:08:42.972624068,EUROPE-EU,Sugarfree,TV Ad,35.002505183334605,160570,180717.354008884,29,87
11101,2023-02-04 13:38:06.311427652,TH-EAST,Original,in-store promo,29.156853531267927,102742,104797.75630860362,12,80
11102,2025-04-06 04:28:54.227044536,TH-CENTRAL,Original,extreme sports,47.38205260281623,170665,168611.23799347153,18,67
11103,2024-03-19 17:50:12.265886384,ASIA-PACIFIC,EnergyShot,in-store promo,45.67571769926852,160595,147845.45094998385,6,30
11104,2024-12-06 19:47:52.822443632,USA-WEST,EnergyShot,in-store promo,46.55504566390426,73818,76668.89346327409,8,57
11105,2024-05-04 16:06:56.001496304,EUROPE-EU,Original,extreme sports,47.8981564529287,79497,98508.85531659416,82,86
11106,2025-01-09 20:02:51.951481504,USA-EAST,Original,in-store promo,31.477904984389745,105727,108338.69014431721,53,73
11107,2025-03-22 15:22:16.287079752,USA-EAST,Sugarfree,Social Media,35.924840378053176,278469,234861.9134105116,85,29
11108,2023-06-26 13:27:21.726757702,EUROPE-EU,Sugarfree,f1 sponsorship,43.164769514081826,83284,96077.32787717789,81,37
11109,2024-07-11 22:26:28.130520024,TH-NORTH,Original,extreme sports,41.92041236107585,97674,107848.78056393363,60,87
11110,2024-06-09 10:37:42.595416872,USA-WEST,Sugarfree,Social Media,31.0779181267971,128788,123870.82601788646,86,13
11111,2023-04-01 22:50:05.346485666,TH-SOUTH,Sugarfree,Social Media,44.31666249981235,206575,182748.5477250774,1,32
11112,2023-05-09 16:59:44.174192412,USA-EAST,Sugarfree,extreme sports,32.488811436733215,69676,73647.67849442811,49,46
11113,2023-06-22 22:47:09.226875374,USA-WEST,Sugarfree,extreme sports,32.47635229645246,286825,240789.0424987552,74,23
11114,2025-04-17 06:39:36.532245904,EUROPE-EU,Sugarfree,TV Ad,38.73948845786827,262381,223114.24401895292,30,45
11115,2024-02-07 15:31:16.531748328,TH-EAST,EnergyShot,Social Media,39.858798696834064,183031,165443.21460179004,32,17
11116,2023-04-16 19:32:22.062681424,TH-EAST,EnergyShot,Social Media,39.60172415675622,209640,184807.57348499136,77,85
11117,2025-05-05 05:44:54.994407344,TH-CENTRAL,Original,extreme sports,29.829736747955096,42940,53332.0942488432,79,66
11118,2025-03-08 21:25:18.886102936,TH-CENTRAL,Sugarfree,extreme sports,45.549217252607605,121873,117788.95506968973,10,6
11119,2023-04-09 04:02:22.964536715,ASIA-PACIFIC,Sugarfree,Social Media,33.31200085177412,242398,209132.0461322884,32,18
11120,2023-03-21 21:07:31.351539677,TH-NORTH,Original,in-store promo,30.590298425656083,56492,65496.59475847718,6,94
11121,2025-10-03 14:15:23.813325600,TH-SOUTH,Sugarfree,Social Media,45.774961597379544,107918,106462.76684214405,30,22
11122,2025-07-23 07:13:31.778825952,USA-EAST,Sugarfree,extreme sports,47.11302996459507,185400,167059.36566686226,47,33
11123,2025-10-16 16:38:00.426992736,ASIA-PACIFIC,Sugarfree,Social Media,45.24255234530901,101563,101282.60553978836,46,30
11124,2025-03-26 15:06:16.372904056,TH-SOUTH,EnergyShot,extreme sports,44.19032149449756,282053,236795.59482890385,77,81
11125,2025-04-26 07:08:28.800522128,USA-EAST,Original,Social Media,41.10483961278044,61257,76211.72616085807,52,32
11126,2025-05-09 15:07:02.723387840,USA-WEST,Original,in-store promo,39.01714741218279,233226,209478.87158155572,79,42
11127,2023-05-06 11:42:11.372893578,TH-SOUTH,EnergyShot,extreme sports,29.739735198228203,165915,151589.73838128164,18,78
11128,2024-07-31 08:42:15.176347040,USA-EAST,Sugarfree,f1 sponsorship,36.16906426141397,229516,200066.1551639912,80,10
11129,2025-05-14 13:34:26.527880704,TH-EAST,EnergyShot,extreme sports,35.45377034024628,115407,112143.06566228949,5,36
11130,2023-10-31 17:57:44.050527844,ASIA-PACIFIC,EnergyShot,TV Ad,33.195075675206525,166638,152897.92046240775,48,34
11131,2023-07-26 07:38:56.369703712,USA-EAST,EnergyShot,Social Media,42.4684022737717,260421,221367.06994463527,72,73
11132,2023-09-06 05:07:40.186126720,USA-WEST,Sugarfree,Social Media,37.91751470157541,154075,143375.6198246209,49,28
11133,2025-02-19 04:40:57.636149000,ASIA-PACIFIC,EnergyShot,Social Media,29.62092431815296,126377,121943.97238205392,80,11
11134,2023-08-02 07:14:39.164955180,TH-SOUTH,EnergyShot,Social Media,32.403664038996226,173363,157231.0772505472,11,78
11135,2024-11-08 16:51:16.720746000,TH-EAST,EnergyShot,Social Media,41.66517527319192,221378,193472.55060727338,22,39
11136,2024-05-30 00:30:42.750178888,TH-EAST,Original,in-store promo,29.522617189806002,144482,138712.66909970055,53,47
11137,2024-06-09 19:19:48.167242104,USA-EAST,Sugarfree,Social Media,45.02413828097538,282557,237775.3950284546,68,19
11138,2024-05-25 14:08:13.286118816,TH-NORTH,EnergyShot,f1 sponsorship,37.902930540279485,110607,108989.1648084684,58,15
11139,2023-09-20 23:21:18.800871284,TH-NORTH,Sugarfree,f1 sponsorship,37.61173154653296,156503,145092.7212338241,35,28
11140,2023-07-11 02:57:55.060023998,TH-CENTRAL,EnergyShot,Social Media,39.84815569319035,232148,201385.5318682883,2,24
11141,2024-01-21 14:47:27.550761700,TH-SOUTH,Original,Social Media,44.49361931850298,198937,187824.21809915165,57,72
11142,2024-05-30 12:52:33.795195112,USA-WEST,Sugarfree,TV Ad,34.95618415804386,260889,222728.21048343123,87,9
11143,2024-09-12 16:44:36.483818104,TH-SOUTH,EnergyShot,extreme sports,41.56032305118127,299777,249361.83613622177,54,47
11144,2024-09-06 23:10:49.285937656,TH-SOUTH,Original,in-store promo,39.31463927991582,134227,135371.66575901792,56,33
11145,2023-11-21 05:00:02.485000968,TH-CENTRAL,Original,Social Media,33.340565403388425,62384,72230.17595666237,16,62
11146,2025-11-03 09:19:58.400048320,ASIA-PACIFIC,Sugarfree,f1 sponsorship,45.57259972710316,50778,56083.1761615936,38,97
11147,2025-07-06 22:16:44.879668800,USA-WEST,Original,TV Ad,43.948520432138565,209684,195375.38122795432,67,19
11148,2025-05-04 17:58:06.866287616,USA-EAST,Original,in-store promo,41.16903669316851,253447,224802.73426174314,54,67
11149,2025-01-11 14:54:48.208185872,USA-EAST,Original,extreme sports,45.011634581884834,78689,94142.51718888374,44,74
11150,2025-12-16 06:34:40.484983232,USA-WEST,Sugarfree,in-store promo,45.34588401919605,78361,81689.60743798119,75,40
11151,2024-01-15 15:48:44.427915460,EUROPE-EU,EnergyShot,in-store promo,42.1672595343007,43641,62441.0183051382,0,47
11152,2025-12-05 15:33:29.688013840,EUROPE-EU,Original,in-store promo,44.74026656727344,122043,214540.58434344127,20,65
11153,2023-09-21 22:02:11.204010972,TH-CENTRAL,Sugarfree,in-store promo,41.94942923338567,114700,112276.38797851687,82,29
11154,2024-11-01 23:34:12.961862128,TH-CENTRAL,Original,in-store promo,41.60281543520601,126365,130339.37855195529,20,50
11155,2023-07-20 10:11:46.729880102,USA-EAST,EnergyShot,TV Ad,40.372227564303685,164846,150550.03832192248,51,98
11156,2023-03-03 07:03:37.621422074,TH-SOUTH,Original,Social Media,43.054332791152824,241596,217890.64684191014,81,13
11157,2023-04-04 02:27:20.226298258,EUROPE-EU,Original,f1 sponsorship,31.172102105861473,198392,180166.644312297,42,1
11158,2024-11-15 17:11:33.270826720,USA-EAST,EnergyShot,in-store promo,45.617415183978565,193600,173012.92597156228,51,34
11159,2025-02-24 21:59:07.644414088,TH-NORTH,EnergyShot,f1 sponsorship,45.436870554904644,83393,85134.41999118213,66,93
11160,2023-01-11 19:46:14.658328044,TH-EAST,Original,f1 sponsorship,28.584945660691183,162905,152637.97834196594,43,48
11161,2023-08-03 06:44:33.009880796,USA-EAST,Original,extreme sports,44.516335011295254,206608,193076.20343573103,31,77
11162,2025-12-12 15:54:34.488756880,TH-SOUTH,EnergyShot,TV Ad,30.577397349468903,293302,244652.17660609834,9,48
11163,2023-08-09 11:48:30.200527884,TH-SOUTH,EnergyShot,in-store promo,34.70237708518284,88766,90281.26184267044,63,49
11164,2023-10-20 11:02:07.118405712,EUROPE-EU,EnergyShot,in-store promo,42.87016512583216,10,51908.67061344533,78,64
11165,2024-05-08 11:06:54.016391736,ASIA-PACIFIC,Original,f1 sponsorship,31.215197920966165,55056,65060.28671969395,68,61
11166,2025-07-28 12:04:22.231045792,EUROPE-EU,Sugarfree,Social Media,44.35934048238124,107120,125170.49303639584,67,29
11167,2023-01-14 16:24:25.853352321,ASIA-PACIFIC,Sugarfree,TV Ad,44.64268355915484,249612,214108.92954919743,27,39
11168,2024-06-05 00:29:50.419936248,TH-SOUTH,EnergyShot,in-store promo,38.14935467521673,46072,51428.41635364901,52,88
11169,2024-09-26 13:25:23.973817296,TH-NORTH,Original,Social Media,28.12771743433667,148449,141346.11857716806,50,26
11170,2024-11-07 19:18:18.031294856,TH-EAST,Original,TV Ad,33.74076266349826,113374,115846.1230682789,52,17
11171,2024-04-14 04:59:07.106855432,USA-WEST,EnergyShot,extreme sports,40.33853836751484,56004,60496.342019945514,3,71
11172,2025-06-02 21:33:43.126653408,TH-EAST,Sugarfree,extreme sports,47.62372356054847,149378,140047.25733452346,78,13
11173,2025-09-30 03:24:23.550725248,TH-NORTH,Sugarfree,extreme sports,40.63627054033337,101748,100949.74146734376,16,69
11174,2023-07-06 00:00:55.118219310,TH-NORTH,EnergyShot,in-store promo,33.196071621283195,124859,120376.9668694013,66,26
11175,2024-08-17 04:23:54.696209480,ASIA-PACIFIC,Sugarfree,extreme sports,40.68011406199223,217487,191123.0609568586,73,49
11176,2024-10-05 22:59:40.581205504,ASIA-PACIFIC,Original,Social Media,38.79970759431711,159082,154310.19678219344,46,67
11177,2023-01-13 17:23:45.333258470,ASIA-PACIFIC,EnergyShot,TV Ad,43.596907903022874,70455,74929.48579856267,55,7
11178,2025-03-22 04:22:49.678328208,TH-CENTRAL,Original,f1 sponsorship,30.139612776539167,285589,242282.90808472782,22,58
11179,2025-01-15 06:20:24.566832240,USA-EAST,Original,f1 sponsorship,43.22055805004056,186325,177182.15314194767,17,49
11180,2024-10-16 18:09:03.277260816,TH-CENTRAL,EnergyShot,in-store promo,38.825331573522206,235145,203173.6851325063,0,53
11181,2023-12-07 19:02:40.720167696,TH-NORTH,Original,in-store promo,47.25984007717989,44194,65842.63000167416,34,65
11182,2025-01-24 08:18:46.962430184,TH-EAST,Sugarfree,extreme sports,34.83744332077372,53712,59411.67589200378,63,62
11183,2023-12-13 02:27:36.372981176,TH-EAST,Original,TV Ad,40.652437862678966,36799,53889.61007361623,57,17
11184,2024-03-14 10:14:15.770716576,EUROPE-EU,Sugarfree,f1 sponsorship,46.64056211020035,84303,87758.8055546889,58,43
11185,2023-06-26 02:11:41.261924692,TH-EAST,EnergyShot,f1 sponsorship,30.050194559813583,141195,132881.67954369902,0,25
11186,2025-06-16 00:35:05.513623328,TH-SOUTH,Original,f1 sponsorship,46.74456974472902,266215,237165.22668056458,2,3
11187,2023-06-25 07:52:22.748316336,USA-WEST,EnergyShot,in-store promo,41.757714446016266,152480,141411.93185315526,66,79
11188,2024-10-05 04:31:43.115968920,TH-NORTH,EnergyShot,in-store promo,29.356741182103438,109972,108051.02107450587,36,29
11189,2023-07-09 08:27:09.589129906,TH-SOUTH,EnergyShot,extreme sports,34.01927133893633,178714,162387.05070393265,82,32
11190,2024-11-13 18:55:41.294019040,USA-EAST,EnergyShot,extreme sports,42.16344177290563,68429,72386.91562695785,28,26
11191,2025-07-31 02:02:48.577887744,TH-CENTRAL,EnergyShot,Social Media,29.347012029375435,191577,171901.17820099666,32,16
11192,2023-11-22 19:04:05.398446088,USA-EAST,Sugarfree,f1 sponsorship,39.643409203525465,180698,163686.39086610067,60,25
11193,2025-11-05 11:07:06.043697456,TH-NORTH,EnergyShot,in-store promo,34.917661139059135,242451,208398.60668114194,3,54
11194,2024-02-09 05:27:59.631973688,USA-EAST,Sugarfree,TV Ad,40.41831035534954,297015,247337.52232340482,13,28
11195,2023-02-10 14:21:58.703553646,EUROPE-EU,EnergyShot,Social Media,28.914840676250257,94350,100174.6943432221,32,73
11196,2023-04-28 14:19:24.586944682,USA-EAST,EnergyShot,Social Media,45.430736123047524,166323,151931.29016075213,21,56
11197,2024-04-24 11:18:39.769193888,USA-EAST,EnergyShot,Social Media,47.46977938354794,275212,231773.0812638007,47,65
11198,2025-04-26 07:44:05.165554368,USA-EAST,Original,f1 sponsorship,47.377557105713834,223322,207037.97688456826,2,93
11199,2023-01-03 15:55:30.832424551,TH-CENTRAL,EnergyShot,extreme sports,42.9930366348585,160101,147481.2606201615,86,86
11200,2023-10-28 03:21:48.161504848,TH-NORTH,Original,in-store promo,30.60172480261264,280199,239074.32992295557,84,80
11201,2025-03-30 03:42:01.057254288,TH-CENTRAL,Original,TV Ad,43.16526391858045,43236,61447.33870336188,22,41
11202,2024-12-10 06:10:54.485673280,USA-EAST,Sugarfree,TV Ad,28.49173832917603,280873,236199.7239425168,67,51
11203,2024-02-05 07:46:51.173834572,TH-CENTRAL,EnergyShot,TV Ad,28.442471030579945,55242,60101.47847656131,20,71
11204,2024-08-02 21:14:52.320803840,TH-CENTRAL,EnergyShot,in-store promo,34.472204382990824,176066,159460.94882293686,42,78
11205,2025-01-08 15:23:17.431874712,ASIA-PACIFIC,EnergyShot,Social Media,37.77286380809332,268665,228088.18960021716,84,29
11206,2023-12-08 22:03:49.344571476,TH-NORTH,Original,in-store promo,43.40814835615586,90379,102544.18871226057,25,83
11207,2025-11-06 04:37:24.299087184,TH-CENTRAL,EnergyShot,TV Ad,41.665907532130106,155636,144449.6997890317,40,19
11208,2024-11-21 15:51:55.025169104,EUROPE-EU,EnergyShot,Social Media,36.918054127534965,16878,114865.77582739331,37,66
11209,2024-09-09 07:29:44.998036648,EUROPE-EU,Sugarfree,TV Ad,33.47253332563332,239659,240428.78341527027,87,41
11210,2023-01-24 08:40:29.999053945,TH-SOUTH,Sugarfree,f1 sponsorship,47.94249000315422,250705,214729.11895061817,10,45
11211,2025-06-25 00:58:23.780253680,USA-WEST,Sugarfree,f1 sponsorship,36.52362604471946,218464,191800.3022652759,28,15
11212,2024-04-15 23:32:22.802819712,EUROPE-EU,EnergyShot,TV Ad,37.02774048659351,185418,167525.39732302172,59,3
11213,2025-11-29 07:50:52.437304192,USA-WEST,Original,f1 sponsorship,31.272476423833382,244640,214118.35786482962,66,11
11214,2025-02-11 15:34:02.657229200,TH-SOUTH,EnergyShot,extreme sports,43.89619097499859,135538,128453.40830470942,64,53
11215,2024-01-05 15:52:22.837310732,TH-SOUTH,EnergyShot,TV Ad,41.87364451562977,149532,139510.37102121237,60,46
11216,2023-11-06 03:43:36.408114140,EUROPE-EU,Original,extreme sports,32.41539225577521,131333,196000.3442161723,18,30
11217,2023-06-03 17:17:21.082931828,TH-EAST,EnergyShot,extreme sports,29.647620912316853,126952,121550.95265874286,45,57
11218,2023-05-15 15:30:21.722610566,TH-EAST,Sugarfree,in-store promo,41.60998604149426,57197,62780.18840967477,48,18
11219,2024-10-02 05:12:52.129678416,USA-WEST,Sugarfree,Social Media,41.0902242856227,59985,64866.921777214295,21,51
11220,2025-01-28 18:05:05.809559848,TH-CENTRAL,EnergyShot,in-store promo,33.46519053996418,68827,73072.56026114078,77,48
11221,2024-02-08 15:01:51.313365740,USA-EAST,Sugarfree,in-store promo,47.0172712450082,263704,223936.26466873256,56,66
11222,2024-12-14 16:12:18.915325312,TH-SOUTH,Sugarfree,TV Ad,31.021157835618006,156603,144445.28515124088,13,96
11223,2025-10-14 04:42:46.577000608,USA-EAST,Original,f1 sponsorship,36.64669602085204,212050,192576.4738689473,43,8
11224,2023-12-19 16:13:09.879145808,USA-EAST,Original,Social Media,46.872318403351976,119467,128581.86712097866,15,22
11225,2024-01-15 01:18:16.920918768,TH-SOUTH,Sugarfree,extreme sports,36.394546338522446,101623,101742.1894831269,76,6
11226,2023-04-05 04:46:07.958189497,TH-SOUTH,Original,extreme sports,40.77051895328171,113272,119438.43351244238,11,76
11227,2023-03-31 08:59:55.130905036,TH-EAST,EnergyShot,TV Ad,35.951887959255885,242446,208836.4690634367,54,57
11228,2023-01-30 13:46:27.631893746,ASIA-PACIFIC,Sugarfree,in-store promo,33.4843040469734,195980,175043.22500628763,50,36
11229,2023-08-25 18:03:01.595496424,USA-WEST,Original,extreme sports,47.67955295919656,265356,237527.9559915804,38,79
11230,2024-01-09 18:45:54.542855136,TH-NORTH,EnergyShot,TV Ad,36.18668012630086,211665,185940.95571536678,32,92
11231,2024-04-22 23:04:36.077952184,EUROPE-EU,Original,TV Ad,45.881984073582686,165862,164036.3263509388,32,57
11232,2025-02-13 17:36:26.740586816,TH-EAST,EnergyShot,in-store promo,32.599092117821726,192388,172039.2017971669,28,49
11233,2025-10-17 23:58:53.329020352,ASIA-PACIFIC,Original,f1 sponsorship,32.26209408050167,278522,238474.28789368292,68,45
11234,2025-07-29 18:10:54.680674528,TH-NORTH,EnergyShot,f1 sponsorship,28.622681657690226,240946,207640.18597334123,69,82
11235,2024-05-14 14:14:17.411733408,TH-NORTH,Sugarfree,in-store promo,41.0333365075177,49205,54808.24747328756,30,66
11236,2023-02-28 15:46:48.597642780,USA-WEST,EnergyShot,extreme sports,35.370526874475225,172170,156827.93922713946,79,77
11237,2025-11-23 01:04:23.777780624,ASIA-PACIFIC,Original,extreme sports,45.28716499679274,198318,187667.68230931298,30,45
11238,2024-05-15 06:34:56.286493104,TH-EAST,Original,in-store promo,37.46419813383115,221243,199739.695687831,45,79
11239,2025-06-25 07:45:37.085879744,USA-WEST,EnergyShot,extreme sports,47.363868558294435,91032,92628.42386278734,76,20
11240,2023-09-04 06:35:28.996149952,TH-SOUTH,EnergyShot,Social Media,31.71051031406242,262934,223435.47089027046,51,64
11241,2024-12-11 16:54:59.001381024,ASIA-PACIFIC,Original,extreme sports,45.37246335911222,273146,241168.62943503275,9,93
11242,2023-05-16 20:59:27.564910270,EUROPE-EU,Original,TV Ad,43.53193705583483,80923,97343.06116897395,87,93
11243,2025-08-05 04:10:15.706562352,ASIA-PACIFIC,Original,Social Media,43.41843689288104,253513,226523.09150344916,73,67
11244,2023-02-22 03:37:25.853467254,USA-WEST,Original,f1 sponsorship,44.89566456233776,50206,69395.75250321908,40,83
11245,2023-08-07 11:26:38.523803496,TH-NORTH,Original,extreme sports,43.22047981885998,42293,61141.367223049034,76,3
11246,2024-10-31 21:17:16.437558712,ASIA-PACIFIC,Sugarfree,Social Media,40.52440643262831,72489,75844.76002054987,2,54
11247,2025-08-04 14:41:18.439505264,TH-EAST,Original,in-store promo,30.624897553647752,51696,61548.2158934072,58,78
11248,2023-08-15 12:13:15.350954428,TH-SOUTH,Original,f1 sponsorship,28.65052358982504,252865,219002.4474311552,51,64
11249,2023-05-29 02:53:18.776972628,TH-SOUTH,EnergyShot,f1 sponsorship,46.41695695631374,56623,61810.02889165439,33,40
11250,2023-02-12 03:53:11.257269475,USA-EAST,Sugarfree,f1 sponsorship,40.33300629041476,105694,104332.8382727311,48,59
11251,2025-08-04 03:52:30.307762064,TH-NORTH,Original,Social Media,43.93074581952352,52807,70751.26870717129,27,55
11252,2025-05-06 16:35:09.420272000,USA-EAST,Original,TV Ad,37.630447030251005,102486,109084.407262753,82,62
11253,2025-01-11 02:07:50.722806048,TH-EAST,EnergyShot,f1 sponsorship,30.346163779247888,62427,68111.8935201841,86,4
11254,2023-06-09 06:45:03.812921084,TH-NORTH,Sugarfree,Social Media,30.50371584405101,208048,183600.6501486028,12,60
11255,2024-02-08 11:40:05.022057532,TH-CENTRAL,Sugarfree,in-store promo,41.71130574457943,73020,76665.36326851504,68,75
11256,2023-12-02 08:41:12.024691372,TH-CENTRAL,Original,f1 sponsorship,36.60611789798925,250214,220369.18516777758,66,95
11257,2023-01-15 07:27:46.362666811,USA-WEST,Sugarfree,in-store promo,32.01049453400673,249110,213438.2101453282,60,96
11258,2023-01-20 02:47:57.814656142,TH-NORTH,Original,f1 sponsorship,37.831890934828735,37778,52732.33709412188,59,91
11259,2024-11-20 13:59:13.549501248,TH-CENTRAL,Original,extreme sports,29.284178741502682,266714,229145.2711030229,70,30
11260,2025-11-14 07:44:04.931670400,TH-NORTH,EnergyShot,in-store promo,39.639428038287974,49774,55788.86334867341,23,2
11261,2023-03-02 21:36:59.386098376,TH-CENTRAL,EnergyShot,Social Media,33.379868088701954,97967,97929.15699151132,62,62
11262,2023-10-08 10:15:43.303288840,TH-CENTRAL,EnergyShot,TV Ad,43.951182012743764,50528,56477.82755519901,85,49
11263,2025-11-22 12:00:14.710208992,TH-EAST,Original,TV Ad,34.207239178471475,114725,117168.6974078632,60,9
11264,2025-10-01 11:22:59.870595408,USA-EAST,EnergyShot,Social Media,37.10440298163603,167696,152773.30514265434,22,92
11265,2024-05-27 17:21:39.818991952,USA-WEST,Original,f1 sponsorship,28.232410798162014,239799,209328.97380302762,29,31
11266,2024-05-16 00:45:15.891174640,USA-WEST,EnergyShot,TV Ad,29.448937755891176,122483,117596.31009396723,59,98
11267,2023-10-19 11:21:08.656820668,ASIA-PACIFIC,Original,in-store promo,35.8498711281337,210800,191098.00493462334,17,61
11268,2025-06-11 01:54:13.463094560,TH-CENTRAL,Original,extreme sports,37.59877669434247,76765,87500.89142379607,55,79
11269,2023-08-20 20:03:43.324027820,ASIA-PACIFIC,Original,TV Ad,40.00041096238607,219699,200119.6913488253,52,48
11270,2024-09-19 05:30:44.117586544,TH-NORTH,Sugarfree,f1 sponsorship,33.833251574186065,97081,97199.32118184751,6,25
11271,2024-01-18 13:24:33.417368124,TH-NORTH,Original,extreme sports,41.899637722530855,63080,78708.95118875359,68,36
11272,2025-04-02 08:28:17.629241344,TH-NORTH,EnergyShot,extreme sports,45.202447943784094,84281,87081.77007481086,71,8
11273,2023-08-25 21:13:01.401460752,USA-EAST,Original,Social Media,43.597019777867,70601,86412.62577637107,78,73
11274,2023-11-17 07:50:03.509436360,USA-EAST,EnergyShot,f1 sponsorship,28.792376506967145,166734,152572.57587539824,51,58
11275,2024-07-13 00:52:19.261127056,USA-EAST,Original,in-store promo,37.61013894515658,248475,218959.51623762923,3,45
11276,2023-11-19 07:20:59.927345104,TH-NORTH,EnergyShot,TV Ad,30.098603568363497,61314,65921.01539850113,33,62
11277,2024-12-27 08:25:45.071255752,TH-NORTH,Original,f1 sponsorship,32.84090031725055,212372,191391.26369868455,68,39
11278,2025-04-30 16:43:23.542803520,TH-NORTH,EnergyShot,in-store promo,47.73325186534293,205135,180869.29193057155,32,96
11279,2024-09-04 22:00:54.064241208,TH-NORTH,Original,in-store promo,30.849910858030263,259502,224503.99036587248,68,58
11280,2024-09-28 16:13:04.084992640,EUROPE-EU,Sugarfree,in-store promo,37.97776306902712,40267,98829.51210138144,37,81
11281,2023-01-04 12:48:54.064332403,TH-SOUTH,Sugarfree,f1 sponsorship,40.36311468636238,150712,140021.97173700592,25,99
11282,2023-08-10 04:02:38.445881888,EUROPE-EU,Sugarfree,TV Ad,42.04929941088208,250427,235165.47488870347,0,83
11283,2025-01-04 05:28:43.722859336,EUROPE-EU,Sugarfree,f1 sponsorship,39.19297366973828,187675,181998.69002706345,3,64
11284,2024-11-26 08:38:57.977805200,EUROPE-EU,Sugarfree,in-store promo,28.195416948383674,28041,127753.68257231938,38,44
11285,2024-05-09 14:11:55.126978720,EUROPE-EU,EnergyShot,f1 sponsorship,34.52922616487984,70627,76282.47657105369,53,29
11286,2023-09-23 22:25:11.160069816,TH-SOUTH,Sugarfree,extreme sports,38.35423286769423,103551,102497.0015801182,32,59
11287,2024-05-19 05:31:01.375489456,TH-CENTRAL,EnergyShot,TV Ad,29.757329982896668,184899,166243.09549787664,32,71
11288,2024-07-08 03:33:33.022844760,TH-CENTRAL,Sugarfree,in-store promo,35.01253862418361,221474,193633.58951210274,71,92
11289,2023-05-28 09:11:30.120984470,USA-WEST,EnergyShot,Social Media,28.664062175827333,70758,74884.3773703787,19,9
11290,2024-11-22 01:25:35.638234744,TH-EAST,Sugarfree,TV Ad,29.571569943100414,189952,169919.4520088108,15,92
11291,2023-07-27 10:19:17.224647710,TH-CENTRAL,Sugarfree,in-store promo,35.93846552403192,176009,160070.2557677502,20,6
11292,2024-03-16 00:01:37.612801304,USA-WEST,Sugarfree,TV Ad,30.654315080861206,166483,152791.0893381416,44,29
11293,2023-12-09 03:59:19.372755340,USA-EAST,Sugarfree,Social Media,39.35081696523116,213390,188024.6235364016,86,58
11294,2025-02-19 13:35:48.306390712,USA-EAST,EnergyShot,Social Media,41.78929938274531,253980,217489.91901669238,81,17
11295,2023-09-26 22:06:31.238388272,TH-NORTH,Original,Social Media,44.01173398218165,104050,114597.93663537368,61,16
11296,2023-04-28 14:52:06.572728308,ASIA-PACIFIC,EnergyShot,TV Ad,32.0030048848962,269695,227802.4380221919,30,87
11297,2025-02-26 02:32:55.924912376,TH-EAST,Sugarfree,TV Ad,31.349651645181396,79805,82126.72252371014,41,95
11298,2023-05-31 22:04:59.664747228,TH-CENTRAL,Original,Social Media,30.091356806688005,78289,84604.77395023286,11,3
11299,2023-04-09 23:24:20.461963644,USA-WEST,Sugarfree,f1 sponsorship,40.72860499087273,103796,103354.41272478478,64,21
11300,2023-11-28 02:37:44.819149560,EUROPE-EU,EnergyShot,TV Ad,42.129514529738024,10,73906.17390941556,72,64
11301,2025-08-31 15:20:31.399218720,USA-WEST,EnergyShot,f1 sponsorship,28.63172289651284,96744,96063.84493657551,2,90
11302,2024-06-14 09:42:42.980040472,TH-EAST,Sugarfree,TV Ad,46.7242449248738,67131,71282.35258056893,8,36
11303,2025-10-08 10:16:26.898740320,TH-NORTH,EnergyShot,extreme sports,29.03942567302945,250605,214350.48339707806,50,86
11304,2025-11-26 22:06:56.416473984,USA-EAST,Sugarfree,TV Ad,38.825926706021406,74824,77793.79837732491,15,62
11305,2024-10-29 22:06:27.373787944,TH-CENTRAL,Sugarfree,f1 sponsorship,42.18121038901833,228735,199459.51151197136,87,42
11306,2024-12-10 21:05:13.961183776,USA-EAST,Sugarfree,in-store promo,45.41938247492171,54186,59582.77358266675,77,76
11307,2024-01-05 09:58:52.355442676,TH-CENTRAL,Sugarfree,Social Media,42.281738642648556,286041,239704.06550278302,2,42
11308,2023-10-03 12:14:47.081147476,EUROPE-EU,EnergyShot,f1 sponsorship,44.03456166139584,158220,192232.01750555323,23,61
11309,2023-02-13 18:19:17.367402761,EUROPE-EU,Original,Social Media,34.78900385085612,32166,51359.30971722236,72,13
11310,2025-11-12 21:40:54.917440608,USA-EAST,EnergyShot,Social Media,44.29650227493025,234103,202771.3000400428,12,11
11311,2025-04-18 07:10:09.951535648,USA-WEST,Sugarfree,f1 sponsorship,29.6022969276935,167073,152816.38415323704,1,54
11312,2024-05-10 21:50:11.344927184,TH-SOUTH,Original,f1 sponsorship,45.89633312121055,222368,205873.03406702395,70,16
11313,2023-12-04 21:00:09.442916384,USA-WEST,EnergyShot,Social Media,38.951847523074726,168646,154499.3617781177,20,8
11314,2024-04-02 00:21:25.938873384,TH-CENTRAL,Original,f1 sponsorship,44.345955399249874,186454,178204.9715270709,18,59
11315,2025-08-26 16:33:53.977422992,TH-EAST,Original,TV Ad,37.046365690366,231796,207266.3310790081,46,57
11316,2025-05-21 07:43:43.914130016,TH-SOUTH,Sugarfree,TV Ad,40.8715539039305,138721,131021.61091757134,21,40
11317,2025-04-12 19:05:40.984154624,TH-NORTH,Original,Social Media,38.52805321872226,34780,50541.62996409042,74,59
11318,2024-12-10 14:15:45.293450568,TH-EAST,Original,in-store promo,42.63179043510664,245489,219989.2991890377,32,2
11319,2025-02-21 19:28:26.026283488,TH-EAST,EnergyShot,f1 sponsorship,29.63259964061179,133366,126178.07252493252,31,94
11320,2024-10-17 00:55:01.682904256,EUROPE-EU,EnergyShot,in-store promo,29.207041679811276,89887,149208.5452033166,63,94
11321,2023-01-18 02:08:55.671849102,EUROPE-EU,Sugarfree,extreme sports,32.94206468020293,31993,51553.32843079374,84,76
11322,2023-03-09 10:57:17.438480984,USA-EAST,Sugarfree,Social Media,31.190893602263767,160690,148418.4020700196,38,10
11323,2025-03-30 00:23:09.756769512,TH-CENTRAL,EnergyShot,Social Media,45.435671331844034,296434,247297.4803143459,83,44
11324,2024-02-07 15:03:29.916355036,ASIA-PACIFIC,Sugarfree,f1 sponsorship,32.38427974716089,106429,105653.53216375393,71,11
11325,2023-05-07 02:50:14.083386212,USA-EAST,EnergyShot,extreme sports,47.51730511638263,137053,129083.65404847561,41,79
11326,2025-12-08 08:11:57.612816368,EUROPE-EU,EnergyShot,f1 sponsorship,34.737915835422136,96772,187437.99929373534,8,80
11327,2025-04-09 22:21:04.414887952,ASIA-PACIFIC,Sugarfree,in-store promo,31.642358313773986,248717,212958.73350473173,24,81
11328,2025-02-17 14:29:27.753715984,EUROPE-EU,EnergyShot,Social Media,43.79397014284958,137802,133478.32480122006,1,90
11329,2023-10-21 06:25:34.444515188,USA-EAST,Sugarfree,f1 sponsorship,41.17415551001752,114599,111933.7740802585,18,2
11330,2025-08-01 07:10:47.457123856,USA-EAST,Original,Social Media,37.96391432906278,274281,237565.15999701343,19,50
11331,2024-07-15 20:19:53.389205344,TH-CENTRAL,Original,in-store promo,39.10727101875263,200204,185428.99333433385,69,12
11332,2024-12-20 13:22:56.660424680,USA-EAST,EnergyShot,extreme sports,42.384035565445274,71063,73804.26089862821,16,90
11333,2024-03-29 02:46:40.433716432,TH-SOUTH,Sugarfree,f1 sponsorship,32.56909482662597,58108,63785.57562692973,67,23
11334,2025-01-09 15:20:52.790525272,USA-EAST,Sugarfree,in-store promo,47.92667832113484,158127,146709.97015807382,83,18
11335,2024-06-28 11:58:17.766696368,USA-WEST,Sugarfree,Social Media,47.49586324293566,93670,94018.01320945448,2,62
11336,2023-08-01 19:37:53.687256240,TH-NORTH,Sugarfree,in-store promo,41.006513726938735,101391,100796.9506752507,86,96
11337,2025-12-08 00:24:13.836625152,EUROPE-EU,Sugarfree,Social Media,31.990849018582903,148847,225538.43576556965,50,62
11338,2024-11-23 17:25:12.716001080,TH-EAST,EnergyShot,Social Media,41.60456484862583,62831,67913.20486326213,81,38
11339,2023-11-09 14:38:02.372410088,TH-CENTRAL,Sugarfree,Social Media,29.443968179583518,220855,193072.82304577794,25,67
11340,2023-05-10 19:54:56.927571580,TH-EAST,Original,f1 sponsorship,28.61305004411612,101819,104228.45067611762,55,38
11341,2025-08-16 08:31:10.885242960,TH-SOUTH,Original,TV Ad,33.15365777022427,226954,202065.64428082755,63,67
11342,2025-09-27 15:22:57.402683216,ASIA-PACIFIC,Original,in-store promo,37.25245913478633,214557,194482.2768927089,7,94
11343,2024-03-26 14:11:35.340141600,ASIA-PACIFIC,Original,in-store promo,45.36545010816761,30112,51478.38028885861,80,61
11344,2023-05-18 11:42:39.967383690,ASIA-PACIFIC,Original,in-store promo,42.543381395326165,153075,151827.0825843198,36,1
11345,2024-01-15 02:25:48.426587696,TH-NORTH,EnergyShot,f1 sponsorship,42.85413042399962,75500,77863.89647560928,26,94
11346,2025-01-13 03:30:56.381197616,EUROPE-EU,EnergyShot,extreme sports,36.50986668896151,247513,223245.40611573536,44,45
11347,2023-02-08 11:04:11.266970646,USA-EAST,Sugarfree,extreme sports,34.91869985093926,264937,224317.17657248132,3,96
11348,2024-06-14 16:58:55.917457432,TH-EAST,Original,Social Media,35.42077525969205,134362,133669.1614987516,85,28
11349,2025-11-14 07:28:12.327610464,USA-EAST,EnergyShot,f1 sponsorship,47.752991274721154,148223,138879.1236902161,87,21
11350,2025-11-13 22:10:00.158612128,TH-EAST,Sugarfree,TV Ad,28.80218382824965,112928,110656.58788090543,36,13
11351,2024-11-04 03:39:06.089700496,TH-NORTH,Original,Social Media,45.34062992244897,205579,193321.2597920062,70,27
11352,2025-02-24 02:46:55.589620472,TH-CENTRAL,Sugarfree,extreme sports,39.57350817144787,126504,121732.27260529183,32,7
11353,2024-01-04 12:16:43.472235536,TH-CENTRAL,Sugarfree,TV Ad,36.77230838379181,104445,103558.49490452676,30,22
11354,2023-02-28 05:55:29.876569905,ASIA-PACIFIC,Original,extreme sports,42.50515320830273,132934,136446.21190090163,54,74
11355,2025-10-10 02:32:06.024063648,TH-NORTH,Original,Social Media,37.733378828494054,55155,68297.50367749174,11,53
11356,2025-11-28 06:48:15.007057168,USA-WEST,Original,extreme sports,45.468464761633214,214307,199320.64092884076,10,79
11357,2025-07-21 06:49:55.897899328,USA-WEST,EnergyShot,in-store promo,46.01403728022517,46820,52519.28025435739,87,79
11358,2024-07-02 03:42:29.153981312,TH-SOUTH,Sugarfree,Social Media,36.43441853746911,200453,178897.01230411878,71,4
11359,2025-02-11 02:04:03.643951304,TH-SOUTH,EnergyShot,TV Ad,33.536555944701036,85349,86572.90535097448,31,96
11360,2025-06-20 02:48:29.629582960,TH-NORTH,EnergyShot,Social Media,39.84700657186724,95699,96480.80924288262,56,23
11361,2023-06-30 11:30:19.498691366,EUROPE-EU,Original,TV Ad,46.24726691233382,170097,177126.399728008,37,70
11362,2024-06-17 08:33:49.908269736,ASIA-PACIFIC,Original,Social Media,32.21324378011333,293138,248588.69315658143,59,88
11363,2023-07-30 21:17:20.938372268,TH-SOUTH,Original,TV Ad,40.45933167126965,226447,205543.49781451013,85,84
11364,2025-08-07 02:15:29.627401280,EUROPE-EU,EnergyShot,f1 sponsorship,40.63120440185041,67414,95167.9264446784,18,84
11365,2024-07-23 20:16:56.320402488,TH-EAST,EnergyShot,extreme sports,42.66226044830562,83075,85204.95100822675,83,76
11366,2023-10-29 08:50:16.670440060,EUROPE-EU,Sugarfree,f1 sponsorship,30.631353702545198,180580,223246.57405353407,55,33
11367,2024-05-31 09:35:51.356457848,USA-WEST,Original,f1 sponsorship,42.31649929364177,136669,138836.78958430086,13,28
11368,2023-03-02 10:35:54.676498977,USA-EAST,Original,in-store promo,46.18065041331282,58410,77410.5605656311,32,8
11369,2024-08-22 10:18:19.599983848,USA-WEST,EnergyShot,f1 sponsorship,31.593662177404838,261041,222442.2846643876,9,1
11370,2025-02-08 10:11:29.622040440,EUROPE-EU,Sugarfree,f1 sponsorship,32.75086649847755,240538,213218.4705828523,79,37
11371,2024-08-27 21:18:25.333566040,TH-NORTH,EnergyShot,Social Media,47.42790188083279,296196,246781.2727794327,63,63
11372,2023-07-01 11:34:06.115600304,TH-EAST,Original,extreme sports,31.619539054189794,269610,231948.73734253677,63,22
11373,2023-05-23 06:25:26.888904620,ASIA-PACIFIC,Original,Social Media,45.08770186739159,243477,220358.06773210832,61,70
11374,2023-05-26 03:41:46.636111058,ASIA-PACIFIC,Original,extreme sports,37.84555712896069,45974,60514.87956220063,67,21
11375,2023-12-26 20:43:59.867255544,TH-EAST,Original,TV Ad,32.94462148806354,60802,70883.0738996236,42,96
11376,2024-02-16 05:40:23.854162616,EUROPE-EU,EnergyShot,Social Media,45.41499802545023,175378,163796.63886082458,79,35
11377,2025-07-23 09:15:10.015945696,TH-SOUTH,EnergyShot,TV Ad,36.90610510005331,171613,156295.84925636416,58,79
11378,2025-11-28 09:17:53.939823632,EUROPE-EU,Original,extreme sports,38.296347078593804,35380,141592.6428979071,51,5
11379,2024-05-31 12:02:52.656562536,TH-SOUTH,EnergyShot,extreme sports,35.18466738799531,137007,129357.86508291685,18,60
11380,2025-06-09 16:23:00.612195392,TH-EAST,Original,f1 sponsorship,39.859017028698545,135222,136242.09697286578,20,46
11381,2023-06-17 20:36:48.621781830,USA-EAST,EnergyShot,extreme sports,31.270477451700454,181786,163859.58682695904,21,50
11382,2023-06-24 01:54:51.884072926,TH-CENTRAL,Original,Social Media,35.821630733035214,37182,50415.30352001624,8,48
11383,2025-01-08 05:52:18.518752312,EUROPE-EU,Original,TV Ad,47.38824644670575,69429,102141.75482657044,8,6
11384,2023-02-24 05:00:01.427551337,TH-CENTRAL,Original,extreme sports,33.16266865402255,161660,153655.94413774222,72,89
11385,2024-12-23 13:05:01.795639264,ASIA-PACIFIC,Sugarfree,Social Media,41.13473329082584,222571,194443.21973472924,26,56
11386,2024-01-15 01:57:55.084365860,TH-CENTRAL,EnergyShot,in-store promo,34.503801284493896,82981,84831.33847907926,16,59
11387,2025-03-03 21:31:59.334297936,ASIA-PACIFIC,EnergyShot,TV Ad,43.46946251373201,175274,159376.23475748659,43,29
11388,2025-05-15 08:55:51.874149680,USA-EAST,Original,extreme sports,30.617473214366996,216035,192891.93677715634,44,71
11389,2025-08-25 06:30:22.953407136,USA-EAST,Original,f1 sponsorship,47.39642090157089,132293,138925.53158278094,7,77
11390,2024-09-06 05:22:32.713230424,EUROPE-EU,EnergyShot,f1 sponsorship,37.07579082767278,4023,55416.22673401021,79,18
11391,2023-05-27 19:54:34.201938702,TH-SOUTH,Sugarfree,extreme sports,32.72100926692928,149532,139853.63169312733,17,2
11392,2024-01-01 14:36:58.737233076,TH-NORTH,Sugarfree,Social Media,29.469934946600254,111221,109288.97754883062,32,8
11393,2023-08-18 11:24:42.376827164,ASIA-PACIFIC,EnergyShot,extreme sports,31.395158101750816,281290,235929.92154026567,0,75
11394,2025-11-21 02:05:50.190538960,TH-SOUTH,Sugarfree,TV Ad,38.395478971120355,71074,74922.67713566546,75,97
11395,2025-08-11 20:07:47.737552128,TH-NORTH,EnergyShot,extreme sports,34.740063528625726,203950,180495.19110144643,5,54
11396,2023-04-26 02:00:37.059275996,TH-SOUTH,Original,in-store promo,44.577667317652185,40897,60543.95326690023,40,38
11397,2023-10-31 09:26:04.237491308,TH-SOUTH,Original,extreme sports,36.617750473236114,140986,139234.0875625393,54,48
11398,2024-02-18 19:34:39.217370416,TH-EAST,Original,Social Media,32.9742854517526,171858,160795.89744401613,4,27
11399,2023-07-15 13:16:28.811886044,TH-EAST,Original,extreme sports,40.3428997320806,101076,109590.98626337308,58,20
11400,2024-02-27 04:11:55.795743064,TH-EAST,EnergyShot,Social Media,42.135544337708914,150708,141015.1271040769,79,12
11401,2023-04-18 05:41:05.135549242,TH-SOUTH,Original,Social Media,31.340838158018997,75479,82710.75890603747,17,43
11402,2023-12-17 22:47:46.009688812,TH-CENTRAL,Sugarfree,TV Ad,31.35238432576635,113506,110824.76989360724,48,61
11403,2023-02-12 04:21:42.352720351,EUROPE-EU,EnergyShot,extreme sports,28.73342853867086,188119,174221.26498204062,81,31
11404,2024-10-20 14:24:06.333752848,ASIA-PACIFIC,EnergyShot,in-store promo,42.72804030131281,113626,110360.01117223102,64,91
11405,2023-12-23 03:46:01.583746964,TH-CENTRAL,Original,f1 sponsorship,41.2760905524361,260040,229948.61568177433,82,96
11406,2025-12-03 09:11:57.889416368,TH-SOUTH,Original,extreme sports,37.492617514996276,188311,175681.39152819797,53,61
11407,2024-09-04 12:50:06.902719008,TH-CENTRAL,Original,f1 sponsorship,44.883408979383944,132407,137729.8036871969,60,74
11408,2024-09-21 00:04:01.499713544,ASIA-PACIFIC,Original,in-store promo,44.113403059001065,38686,57751.38711083649,7,67
11409,2025-11-16 12:21:25.694314640,TH-SOUTH,Sugarfree,extreme sports,39.70708728793504,163643,149909.66704093426,2,91
11410,2023-10-30 20:19:10.094144712,TH-CENTRAL,Original,TV Ad,45.36542561026518,219256,202955.24842501784,24,35
11411,2023-04-25 12:21:01.987816152,USA-EAST,EnergyShot,TV Ad,32.116824200735365,104844,103111.51960248273,68,95
11412,2023-02-19 02:05:15.975231256,USA-WEST,Sugarfree,TV Ad,30.23839238795456,245340,211354.71392975346,54,15
11413,2025-05-01 13:56:43.725190176,EUROPE-EU,Sugarfree,Social Media,33.394992230339795,99726,100361.3532101763,39,16
11414,2025-01-25 07:20:39.204958088,USA-WEST,EnergyShot,f1 sponsorship,29.141737121786296,249781,214749.27759016008,82,13
11415,2024-12-13 03:43:35.412330464,USA-WEST,Sugarfree,extreme sports,38.62339056002064,61621,67053.66832233548,81,35
11416,2023-09-29 20:30:50.683854124,TH-NORTH,Sugarfree,TV Ad,46.73211384589923,262624,223236.7417738059,49,75
11417,2024-10-19 05:32:39.632485248,ASIA-PACIFIC,Sugarfree,extreme sports,28.786870813370193,163052,149837.2901866661,32,59
11418,2023-03-21 08:00:47.016285669,USA-WEST,Sugarfree,f1 sponsorship,30.442198280200536,111563,109307.5179240524,17,21
11419,2025-03-11 11:52:54.350229464,USA-WEST,Original,extreme sports,37.043980565668704,95589,103022.65008302976,56,54
11420,2025-09-22 16:11:50.248801568,EUROPE-EU,Sugarfree,TV Ad,46.6775003505581,91614,136402.11178607255,15,75
11421,2023-04-11 01:32:02.637090530,TH-EAST,Original,Social Media,34.32312209953501,293472,249809.899620729,79,30
11422,2023-11-07 19:15:26.134671228,EUROPE-EU,Sugarfree,TV Ad,38.14469617376785,4404,94065.47868751652,37,48
11423,2024-03-18 23:08:27.429154792,USA-WEST,EnergyShot,TV Ad,28.831457181007842,66181,70643.32977579992,40,35
11424,2025-01-29 19:26:42.902769224,USA-EAST,Sugarfree,TV Ad,30.966864019241775,186258,167007.03374373238,6,86
11425,2023-12-18 07:04:38.778394908,TH-EAST,Sugarfree,f1 sponsorship,47.73260245917694,159423,147708.49328805142,77,38
11426,2024-06-22 07:10:40.208285432,TH-NORTH,Sugarfree,Social Media,47.30237392872091,168900,154839.25421266147,52,31
11427,2023-12-16 02:21:26.286896288,TH-NORTH,EnergyShot,extreme sports,28.098799618688194,207739,183387.08351144343,62,78
11428,2023-08-24 01:52:09.994328544,ASIA-PACIFIC,EnergyShot,Social Media,47.03623570846478,104441,103428.81397412987,31,24
11429,2025-07-26 00:47:54.525434720,USA-EAST,Original,f1 sponsorship,40.78239875631001,264250,232132.9990767777,37,49
11430,2025-08-01 05:50:26.012207312,EUROPE-EU,Sugarfree,in-store promo,45.35836589040044,121739,137134.41322445805,21,96
11431,2024-03-20 15:41:13.614833360,TH-CENTRAL,Original,TV Ad,37.094797112677185,64114,75817.23902849236,15,32
11432,2024-06-29 17:02:59.621473440,USA-EAST,Sugarfree,f1 sponsorship,38.311920571585006,228032,198459.75134678886,51,55
11433,2025-01-15 03:15:35.695303712,USA-WEST,Sugarfree,extreme sports,37.7769316051384,201237,178620.87052357005,28,79
11434,2024-01-19 04:17:40.653569816,TH-SOUTH,Original,Social Media,41.337285150922085,105140,113148.68049680741,15,58
11435,2023-02-10 17:37:48.285148440,TH-NORTH,Sugarfree,TV Ad,30.793025095126257,195219,174303.7448068097,75,99
11436,2024-04-13 00:17:48.555114368,TH-EAST,Original,extreme sports,28.59947179745356,89844,93972.39127379537,16,3
11437,2023-10-17 21:44:20.215997996,TH-SOUTH,EnergyShot,in-store promo,34.15859883182382,149295,138967.8718681059,63,80
11438,2025-01-04 02:38:43.498331208,TH-CENTRAL,Original,extreme sports,42.09361525473294,260057,229882.50443346504,12,69
11439,2023-04-08 00:01:27.765202281,USA-EAST,Sugarfree,in-store promo,32.03706904245897,73437,76706.84663214989,71,85
11440,2025-11-07 03:50:10.558315760,EUROPE-EU,Sugarfree,TV Ad,41.468648666498346,44476,127339.2899974924,55,10
11441,2023-04-25 07:34:57.689997550,ASIA-PACIFIC,EnergyShot,f1 sponsorship,47.398240922145405,250961,214228.48494406947,4,83
11442,2025-08-21 18:41:04.921584304,USA-EAST,EnergyShot,extreme sports,29.878014315788366,292081,243898.17988123564,11,25
11443,2025-08-16 19:28:30.922665648,USA-EAST,EnergyShot,TV Ad,41.452042364502525,151841,140785.22728435916,40,68
11444,2023-06-10 22:45:41.909073800,TH-CENTRAL,Sugarfree,in-store promo,36.87500438609142,165377,151399.92402866948,2,61
11445,2023-03-20 05:36:17.320652991,USA-WEST,EnergyShot,Social Media,45.362845087550106,181968,164434.39235675393,32,29
11446,2025-09-13 03:16:43.652744128,ASIA-PACIFIC,EnergyShot,TV Ad,31.542995788947717,280422,236469.62832674215,85,19
11447,2023-05-01 01:40:45.243040158,TH-NORTH,Sugarfree,in-store promo,41.85251904452329,260014,221641.35819540595,49,43
11448,2024-06-29 21:50:39.240492112,ASIA-PACIFIC,Sugarfree,f1 sponsorship,44.76230579296221,81540,84120.22492432887,55,66
11449,2023-05-10 02:32:05.005445572,EUROPE-EU,Sugarfree,in-store promo,46.892284389480466,145628,137351.563569415,8,74
11450,2024-05-08 10:58:17.777856072,TH-NORTH,EnergyShot,TV Ad,41.66496056579292,153801,142800.08563928527,81,61
11451,2025-11-01 01:55:20.414554624,EUROPE-EU,EnergyShot,in-store promo,37.94349528016855,157060,207819.22232975133,49,43
11452,2024-11-16 04:08:32.609803472,USA-EAST,EnergyShot,TV Ad,40.35694480402428,190358,170578.57652108706,28,25
11453,2025-04-14 21:01:11.695322512,TH-SOUTH,Sugarfree,f1 sponsorship,45.37809968957436,203571,180844.0924058026,38,20
11454,2024-05-05 22:42:44.137664968,USA-WEST,EnergyShot,in-store promo,39.41219493277659,300292,249639.98153312353,44,48
11455,2025-11-06 04:25:52.008317776,TH-CENTRAL,EnergyShot,f1 sponsorship,28.607741193936736,60855,64992.00869400261,16,83
11456,2024-04-02 06:34:17.933883800,ASIA-PACIFIC,Sugarfree,Social Media,46.61897391013956,94063,94601.9647067466,55,87
11457,2024-12-01 12:08:07.400023712,TH-SOUTH,Sugarfree,Social Media,41.790535020631225,138982,131579.18747430935,45,24
11458,2023-07-14 07:58:36.349587718,USA-WEST,Sugarfree,extreme sports,41.53026771554493,123519,119556.48060977744,66,11
11459,2023-04-10 13:12:38.293584137,ASIA-PACIFIC,Sugarfree,in-store promo,32.31350304795434,48697,54329.11226939672,68,98
11460,2024-10-31 02:18:56.786625152,ASIA-PACIFIC,Sugarfree,TV Ad,41.17770940465314,63919,68355.52129423516,13,55
11461,2023-01-22 04:22:54.479187676,USA-WEST,EnergyShot,in-store promo,35.87728811308317,210793,186190.65828071523,66,28
11462,2023-05-10 09:02:55.943230716,EUROPE-EU,Original,in-store promo,41.024659540829845,253520,225864.89267251213,22,69
11463,2024-04-03 18:51:27.083246728,USA-EAST,Sugarfree,TV Ad,30.131860606159815,166940,152845.40225319553,60,63
11464,2025-06-13 15:22:17.072487456,USA-WEST,Sugarfree,f1 sponsorship,41.15690609206072,173474,157838.2159027266,22,59
11465,2025-01-25 11:55:21.058118536,USA-EAST,Sugarfree,f1 sponsorship,47.98827451541333,101368,101018.68656647588,26,5
11466,2024-07-14 14:57:15.225877752,USA-WEST,EnergyShot,in-store promo,28.96424077721112,235127,203575.27272674226,53,51
11467,2025-04-24 22:36:42.381152544,ASIA-PACIFIC,Original,extreme sports,47.54348368442635,213734,200358.91747345126,9,21
11468,2025-02-01 22:13:19.483746488,USA-EAST,Sugarfree,Social Media,36.13815921445741,185740,167673.13784353132,76,12
11469,2024-05-01 18:09:15.092942064,ASIA-PACIFIC,Sugarfree,f1 sponsorship,45.415069006745185,91651,92532.85730226856,15,50
11470,2024-05-23 09:21:45.199396680,USA-WEST,Sugarfree,TV Ad,43.647709681165466,64360,69403.64364741789,40,4
11471,2024-08-09 09:54:53.703662144,USA-WEST,Original,in-store promo,39.34032521973336,47627,62847.71517142518,54,42
11472,2023-10-29 15:35:52.111142304,TH-CENTRAL,Sugarfree,Social Media,42.76898418502653,187496,168539.21332857554,60,84
11473,2024-09-14 02:49:06.254179704,TH-EAST,Original,Social Media,45.57031122602696,235204,215007.06382856,85,38
11474,2023-07-05 03:28:55.946408530,EUROPE-EU,Original,TV Ad,36.08280643302066,237617,221666.08635618497,80,25
11475,2024-04-05 09:04:05.862192976,USA-WEST,Original,extreme sports,34.54066323126477,146561,142724.41486868996,86,14
11476,2024-07-21 18:00:57.537163552,TH-CENTRAL,Sugarfree,in-store promo,41.351867711271694,239782,206854.2598613434,48,75
11477,2025-12-12 10:16:16.586099888,USA-WEST,EnergyShot,extreme sports,44.15691883882517,285137,239376.0392682047,72,32
11478,2025-12-30 07:00:24.820466944,USA-EAST,EnergyShot,f1 sponsorship,43.245702695532316,106192,105034.0224976136,51,11
11479,2023-03-23 05:55:41.944269165,TH-NORTH,EnergyShot,f1 sponsorship,43.95627297717269,137638,129592.06927615144,1,61
11480,2025-08-05 11:30:05.746299120,ASIA-PACIFIC,EnergyShot,TV Ad,36.711666296258656,280570,236295.79851933612,49,18
11481,2024-11-20 00:08:57.714933560,TH-SOUTH,EnergyShot,Social Media,44.35668432350043,121370,117646.19346345698,85,27
11482,2025-05-17 20:52:10.350153024,TH-CENTRAL,EnergyShot,TV Ad,30.404181107412168,276181,232775.25806435925,42,55
11483,2024-07-03 02:43:00.445180184,USA-WEST,EnergyShot,TV Ad,38.88978195921699,295012,246208.97245089314,76,54
11484,2024-10-11 08:18:58.128931400,TH-SOUTH,Sugarfree,in-store promo,28.115173209962432,206764,182362.14571488494,7,82
11485,2023-07-27 18:43:38.406242226,TH-EAST,Original,extreme sports,34.491716598005404,241880,213378.05790083366,58,87
11486,2023-11-30 11:30:00.640745856,EUROPE-EU,EnergyShot,in-store promo,35.32923069742796,121008,199909.11284421704,64,75
11487,2024-04-23 02:34:49.866226840,TH-SOUTH,EnergyShot,in-store promo,35.92345383218511,215688,189906.85152310476,80,21
11488,2025-01-06 12:03:32.547655776,EUROPE-EU,Sugarfree,Social Media,41.90934413379725,96776,111386.21459624651,11,44
11489,2024-12-16 11:32:31.805186320,TH-SOUTH,Original,Social Media,35.771162025406916,49033,61418.86758158874,3,5
11490,2025-04-11 13:27:59.491279256,USA-EAST,Sugarfree,in-store promo,36.973872452450614,123392,118610.34650393012,76,87
11491,2023-02-03 08:02:42.502583959,TH-EAST,EnergyShot,f1 sponsorship,32.75088261748655,207364,183387.19704078132,40,41
11492,2023-04-27 07:28:45.416796186,TH-EAST,Original,f1 sponsorship,35.4650358325868,59198,70505.83964556028,6,59
11493,2023-11-14 09:54:18.670130096,TH-SOUTH,Original,TV Ad,32.54539254526303,40492,52383.59659564842,86,89
11494,2024-08-18 01:21:16.088257144,TH-NORTH,Sugarfree,f1 sponsorship,29.46391847536887,74108,77938.47452058773,87,54
11495,2025-08-20 16:13:15.413513744,USA-EAST,Sugarfree,in-store promo,40.06897186762756,220832,193147.18528215907,68,74
11496,2024-04-03 09:24:53.696741096,TH-EAST,Original,in-store promo,41.36425597110033,281037,244558.7403312888,68,22
11497,2025-11-23 08:59:16.235117488,TH-NORTH,Original,Social Media,40.38980692019229,284617,246612.93992296408,80,83
11498,2024-04-05 22:39:58.076994448,USA-EAST,Original,Social Media,37.26988087601145,153325,148795.8298280376,29,65
11499,2023-12-16 10:34:22.052415156,EUROPE-EU,EnergyShot,in-store promo,35.595715603584594,138579,223870.4601984695,72,64
11500,2024-02-27 14:06:42.663458320,USA-EAST,Original,Social Media,45.26667299143651,212021,197365.29115030082,5,71
11501,2023-07-23 12:29:00.518900270,USA-WEST,EnergyShot,Social Media,38.38163570272436,162976,150208.04739692068,18,4
11502,2025-10-25 09:57:54.036584944,EUROPE-EU,EnergyShot,Social Media,37.583637552594624,103839,164552.10659101733,79,65
11503,2025-05-27 23:49:46.908223888,TH-EAST,Sugarfree,f1 sponsorship,28.512841316128714,73239,77445.4293233742,84,15
11504,2025-11-23 21:49:11.978135760,TH-EAST,Original,Social Media,34.824956552523126,275612,237532.29212331842,65,76
11505,2023-01-30 20:42:20.162637881,USA-WEST,Sugarfree,in-store promo,35.603912375717144,125423,120385.95414635536,9,22
11506,2025-08-31 08:29:40.116125152,USA-WEST,Original,in-store promo,35.97645561793801,141899,139229.8512914339,15,86
11507,2024-07-14 20:14:56.263211512,TH-NORTH,EnergyShot,f1 sponsorship,39.60344738454665,208770,184332.04619957975,36,47
11508,2024-11-24 04:17:15.196959704,TH-EAST,Sugarfree,TV Ad,38.672050934537566,120613,116780.49430531079,78,81
11509,2025-10-31 09:12:46.574155792,TH-EAST,EnergyShot,f1 sponsorship,40.15810185586889,101956,100851.8321977861,76,93
11510,2024-02-13 06:31:23.002260332,USA-WEST,Original,in-store promo,43.29766523084257,184191,176209.87865404412,76,46
11511,2025-07-01 20:29:17.134848576,USA-WEST,Sugarfree,Social Media,44.25971477432187,48828,54996.81645636989,31,14
11512,2023-05-09 04:11:13.489610890,ASIA-PACIFIC,Original,f1 sponsorship,42.36246152452989,209555,194145.02240533577,46,50
11513,2023-08-12 09:46:40.068495124,USA-EAST,Original,extreme sports,47.110473919098695,149768,152804.67397530196,71,20
11514,2025-12-22 12:33:17.948972208,TH-SOUTH,EnergyShot,TV Ad,28.364651653527233,190988,171150.74610418687,42,50
11515,2023-06-30 16:18:26.657783050,ASIA-PACIFIC,EnergyShot,in-store promo,31.915559713670923,197463,176376.03184937703,81,33
11516,2023-10-22 13:11:09.017980172,TH-CENTRAL,Sugarfree,in-store promo,28.151257499562842,170400,155410.03129851274,35,59
11517,2024-11-17 10:43:15.263857832,USA-EAST,EnergyShot,Social Media,40.94949428309206,185316,166506.7554881472,25,43
11518,2024-06-25 13:06:05.505113640,USA-EAST,Sugarfree,extreme sports,45.96061097899974,212648,186757.6401779749,9,79
11519,2024-05-15 16:03:18.334352480,TH-NORTH,EnergyShot,f1 sponsorship,32.86964593152599,230611,200623.76943593484,30,12
11520,2025-04-07 16:54:56.078076552,TH-EAST,EnergyShot,f1 sponsorship,46.54069089592613,224154,195490.4782572241,28,40
11521,2025-03-02 00:56:58.111879856,USA-EAST,Sugarfree,in-store promo,29.205347805791217,263815,223923.29154645235,4,20
11522,2024-11-10 00:10:33.436550376,USA-WEST,Sugarfree,f1 sponsorship,46.68872053611028,86009,87888.68663348055,76,94
11523,2023-01-31 14:51:15.854709698,EUROPE-EU,Sugarfree,TV Ad,35.03245374479269,128508,130229.59389835951,0,38
11524,2025-02-20 21:12:14.884196216,TH-EAST,EnergyShot,f1 sponsorship,30.02841656898433,284605,239559.2132028914,86,3
11525,2024-12-09 15:19:31.603263304,TH-NORTH,EnergyShot,Social Media,37.717435183726515,136616,129318.11487726595,2,28
11526,2025-12-04 05:12:56.484297568,TH-EAST,Sugarfree,in-store promo,33.13553135441016,71005,74974.01538118454,66,56
11527,2023-03-31 16:45:17.584526188,TH-CENTRAL,EnergyShot,Social Media,33.697458039238455,170137,155089.02527243592,70,90
11528,2024-06-13 23:20:47.340287280,TH-EAST,EnergyShot,in-store promo,34.14579929852573,68579,71898.19451089244,34,94
11529,2024-10-06 16:28:16.036615104,TH-EAST,Sugarfree,in-store promo,44.06051795665327,88973,90570.64774557305,14,13
11530,2023-09-24 18:08:48.013466972,EUROPE-EU,Original,Social Media,38.78322553350509,234732,249663.75131419135,66,77
11531,2023-08-13 19:33:22.013367632,TH-CENTRAL,EnergyShot,TV Ad,34.22615398312007,174388,158272.5276792264,29,66
11532,2023-05-12 18:25:10.584083696,TH-SOUTH,EnergyShot,TV Ad,40.206675666218366,108302,106811.6778080858,81,37
11533,2023-09-17 05:28:38.525177696,TH-EAST,Sugarfree,extreme sports,42.32301348446387,298674,248954.99091478123,74,49
11534,2023-01-25 22:19:14.529746887,TH-NORTH,Sugarfree,TV Ad,33.45248001467068,291144,243311.78371102863,42,66
11535,2023-08-08 18:42:54.830569012,TH-SOUTH,Original,extreme sports,36.27098203050703,139815,138147.80821685272,59,36
11536,2024-06-08 19:10:03.297777616,TH-SOUTH,Sugarfree,in-store promo,30.43772186673895,103063,102080.62175758168,39,54
11537,2025-08-02 14:33:27.346375184,ASIA-PACIFIC,Sugarfree,in-store promo,31.622986990693605,254216,217679.927618438,64,26
11538,2025-05-20 17:35:24.246023616,ASIA-PACIFIC,Sugarfree,in-store promo,41.622357079299654,220996,193124.14339435715,28,75
11539,2025-12-14 13:01:24.322621136,TH-SOUTH,EnergyShot,in-store promo,31.62876695391254,212970,187388.28700070208,73,72
11540,2023-05-16 12:54:32.271415126,EUROPE-EU,EnergyShot,Social Media,38.5032676733412,267820,228622.74826449453,18,40
11541,2023-04-24 01:49:47.963842148,TH-SOUTH,EnergyShot,extreme sports,42.18092523444865,214087,187883.42677426492,2,43
11542,2024-08-10 17:11:49.775891800,TH-NORTH,Sugarfree,TV Ad,30.137538461894877,108268,106759.58860830983,35,22
11543,2023-06-01 11:27:18.251095358,USA-EAST,Sugarfree,TV Ad,39.34624439257807,214461,188772.63237514647,42,20
11544,2025-01-02 04:56:09.191001096,USA-EAST,EnergyShot,TV Ad,33.13125567402727,113863,111162.7022567328,14,8
11545,2024-01-22 16:17:12.881558908,TH-EAST,Original,extreme sports,47.2585375047516,215757,201847.795931399,40,29
11546,2023-06-15 03:10:37.923313564,TH-CENTRAL,Sugarfree,in-store promo,37.670912934398494,194175,173949.5708983132,79,40
11547,2023-03-19 02:20:51.339619284,USA-WEST,Original,f1 sponsorship,44.119850995503164,46637,65482.31039695012,35,90
11548,2023-03-03 09:55:22.026385618,USA-EAST,Sugarfree,extreme sports,39.00453084312524,165877,152567.0724870284,83,30
11549,2024-01-05 00:56:20.308342216,ASIA-PACIFIC,Original,f1 sponsorship,28.868250657096382,119194,118660.19383914818,76,81
11550,2025-03-10 04:10:41.364281152,USA-WEST,Sugarfree,f1 sponsorship,40.66302751188044,119813,115714.12654645885,32,84
11551,2023-10-12 21:42:22.457627272,USA-WEST,Sugarfree,TV Ad,47.028066844133136,190276,170451.26047545145,4,55
11552,2023-09-10 10:19:11.722943788,TH-EAST,Original,f1 sponsorship,40.03223640292663,107191,114464.96489388499,77,16
11553,2024-04-09 16:10:25.438687656,TH-SOUTH,EnergyShot,Social Media,44.3837771885358,237270,205378.74964097454,86,46
11554,2024-01-07 22:54:13.263510556,USA-EAST,Sugarfree,Social Media,45.68412926696816,59573,64158.28720223489,13,62
11555,2025-09-13 23:19:57.880171056,TH-EAST,EnergyShot,in-store promo,32.56159543897865,204956,182077.65047916508,67,7
11556,2023-04-26 13:49:48.854120914,EUROPE-EU,Original,extreme sports,32.240896798164535,240359,211838.96073134826,82,80
11557,2023-03-07 23:57:22.748547215,EUROPE-EU,Sugarfree,f1 sponsorship,40.21961977701984,206639,184566.337984086,46,45
11558,2025-06-10 14:20:25.739164448,USA-EAST,EnergyShot,f1 sponsorship,36.220569396134096,162570,149445.83900399914,53,59
11559,2023-10-17 09:43:44.652341724,USA-EAST,Original,Social Media,44.797226057334406,272401,240061.40274723625,3,56
11560,2024-09-11 22:53:22.198482936,TH-SOUTH,Original,in-store promo,46.00046246796022,96526,109987.69795961272,82,48
11561,2025-01-11 05:07:32.896288024,EUROPE-EU,EnergyShot,TV Ad,35.06842758605436,32287,53833.577504995556,8,27
11562,2024-10-25 13:38:44.750382232,TH-CENTRAL,Sugarfree,f1 sponsorship,32.73741117948964,145303,136397.87429268815,52,53
11563,2024-09-11 22:09:11.417437448,TH-EAST,Sugarfree,TV Ad,43.61051030487724,50867,56602.38718006545,76,87
11564,2025-06-02 22:57:44.521892992,ASIA-PACIFIC,Original,in-store promo,33.49612071096272,281084,240787.35050528176,77,88
11565,2025-02-18 22:41:21.048455480,TH-EAST,Sugarfree,f1 sponsorship,44.45228637027357,90706,91983.6091496103,59,73
11566,2025-02-26 15:50:16.755966272,TH-NORTH,EnergyShot,TV Ad,36.47476507297526,240784,207785.4047897759,45,35
11567,2025-10-24 07:33:30.064324304,TH-NORTH,Sugarfree,in-store promo,41.35099798582941,236738,204914.41663487296,53,51
11568,2023-04-20 10:06:09.669404002,TH-SOUTH,EnergyShot,extreme sports,29.910706276693364,93036,93545.77993658671,73,84
11569,2024-02-17 22:26:25.759201592,ASIA-PACIFIC,Sugarfree,f1 sponsorship,40.47718649353146,194911,174245.30609603346,36,37
11570,2023-08-04 03:32:59.191778620,USA-EAST,Original,Social Media,37.03535357474458,46278,59615.79369729004,22,81
11571,2024-04-05 17:55:44.551402616,TH-EAST,Original,f1 sponsorship,39.73216926350948,148670,146714.9171407735,26,95
11572,2024-05-14 20:04:01.632839320,TH-CENTRAL,Sugarfree,f1 sponsorship,31.36028415489727,46769,52929.425454497345,69,57
11573,2023-03-02 17:54:01.771983367,TH-NORTH,Sugarfree,TV Ad,42.73747489888364,277259,234228.77603616836,65,8
11574,2024-07-03 06:37:44.920869496,TH-CENTRAL,EnergyShot,TV Ad,45.25594155086457,294238,245217.20483991434,60,79
11575,2025-04-30 17:53:24.039188928,EUROPE-EU,EnergyShot,in-store promo,32.33479600181551,93549,94456.55332771706,76,95
11576,2025-06-14 23:21:10.041564624,EUROPE-EU,Sugarfree,f1 sponsorship,29.914291110403234,82469,91621.20691927455,50,94
11577,2025-01-25 04:57:46.175497456,ASIA-PACIFIC,Original,TV Ad,28.47277172092673,227600,200744.03531242593,49,20
11578,2025-01-09 01:24:43.828795392,TH-SOUTH,EnergyShot,f1 sponsorship,40.83943000886532,101665,100675.87976586689,18,53
11579,2024-03-29 09:35:46.231146952,USA-WEST,EnergyShot,extreme sports,40.141880721775614,270684,229015.311832369,0,12
11580,2024-09-30 06:06:35.468113120,ASIA-PACIFIC,Original,Social Media,38.933948254281404,172843,164785.82722459646,39,49
11581,2023-10-15 19:55:14.690715340,USA-EAST,EnergyShot,f1 sponsorship,32.63894192231951,124995,120155.52460206242,31,17
11582,2024-11-21 06:56:21.762793392,EUROPE-EU,EnergyShot,in-store promo,35.81811991811029,151696,216538.74926988402,21,64
11583,2023-01-29 02:21:59.045203634,TH-NORTH,Original,extreme sports,39.88952670372346,150675,148681.34008267903,65,42
11584,2024-04-03 17:36:41.130029472,USA-EAST,EnergyShot,in-store promo,37.935337177183385,276404,232326.5827416951,39,94
11585,2024-09-22 07:38:00.643215200,TH-NORTH,Original,TV Ad,47.755710404297744,262689,235602.8473458762,37,29
11586,2024-01-05 19:45:32.857986200,TH-CENTRAL,EnergyShot,f1 sponsorship,30.72879505113466,79979,83084.03042568186,47,19
11587,2023-09-28 03:06:42.052991092,USA-WEST,Original,f1 sponsorship,41.902891080951875,32229,50464.681226386056,54,11
11588,2025-04-27 19:19:13.748897312,TH-EAST,Original,Social Media,36.086375362085846,288089,246786.18802848045,74,98
11589,2023-01-18 04:55:04.259958381,TH-SOUTH,EnergyShot,extreme sports,36.5639922985123,273537,231227.50722549588,80,50
11590,2025-12-15 10:21:47.956757584,USA-WEST,Original,f1 sponsorship,42.35195531316353,43194,61089.04714076828,54,71
11591,2024-12-12 21:14:58.518137984,USA-EAST,Original,in-store promo,41.84872302648739,241405,216606.852788214,50,58
11592,2025-01-28 07:55:44.785838936,TH-EAST,Sugarfree,in-store promo,47.825119874043764,151820,141560.98651184133,59,34
11593,2023-10-14 05:56:57.564309332,EUROPE-EU,Original,f1 sponsorship,30.567885789082503,28584,101792.32100499504,7,20
11594,2025-11-09 01:57:13.247408944,TH-SOUTH,Original,f1 sponsorship,30.082192987683328,261387,225749.30473538596,85,50
11595,2025-06-08 04:53:58.291666192,TH-SOUTH,Sugarfree,f1 sponsorship,42.48677634257482,87662,89333.44647806145,67,88
11596,2023-10-27 23:32:47.958997332,EUROPE-EU,Sugarfree,f1 sponsorship,39.56773834012818,204893,239459.99988401338,74,10
11597,2024-01-05 20:00:30.061663424,USA-WEST,Sugarfree,in-store promo,33.48321333119612,89356,91124.29753986822,71,32
11598,2023-07-06 22:29:04.414662782,TH-SOUTH,EnergyShot,Social Media,29.588387379779732,193498,172736.6375457487,8,52
11599,2023-08-22 15:24:49.826461148,USA-EAST,EnergyShot,Social Media,29.71316499192861,94152,94617.26690579497,1,15
11600,2023-11-18 18:16:15.946386468,USA-EAST,EnergyShot,extreme sports,45.883817493282365,175518,159133.73299372697,79,84
11601,2024-02-10 11:09:12.840311592,TH-SOUTH,Original,Social Media,31.83734649437486,206672,186795.02598302826,69,3
11602,2023-04-28 20:54:56.760323664,USA-WEST,Sugarfree,f1 sponsorship,34.46743124231041,85558,88045.58616402751,84,37
11603,2024-01-22 08:17:12.262196932,TH-CENTRAL,Original,f1 sponsorship,32.53312804453976,162791,154177.15654013585,58,40
11604,2024-08-30 23:40:28.135786960,EUROPE-EU,Sugarfree,Social Media,35.09992611663875,114610,143811.9488780238,18,72
11605,2024-03-26 06:13:04.490989280,TH-EAST,Sugarfree,TV Ad,29.38847685492187,59132,64207.48428066825,27,40
11606,2025-10-03 01:52:27.723273792,TH-SOUTH,Sugarfree,f1 sponsorship,38.38119581816541,248716,213661.5635350606,71,56
11607,2025-07-24 21:30:00.105170896,USA-EAST,Original,extreme sports,29.3522512718443,117837,117136.48012856835,13,23
11608,2025-01-05 19:48:53.752454984,USA-EAST,Sugarfree,Social Media,44.00713015644723,182530,164916.4395103759,23,11
11609,2023-07-11 06:07:34.832941690,TH-EAST,Original,Social Media,32.67424163820866,161266,152956.8469866269,43,64
11610,2024-02-10 14:47:22.954822068,TH-NORTH,Sugarfree,f1 sponsorship,38.800238292090214,165748,152652.10091408846,55,8
11611,2024-02-27 19:50:51.379136424,EUROPE-EU,Original,extreme sports,45.60158175122916,48466,71444.47884169749,50,93
11612,2023-08-10 13:55:43.489230560,TH-CENTRAL,Original,TV Ad,41.01754738094388,132162,134696.40184986655,31,94
11613,2023-10-11 03:14:47.325569000,EUROPE-EU,Original,TV Ad,38.65915573102671,73710,140473.35184131406,49,56
11614,2025-05-31 13:20:54.713634432,TH-EAST,Original,Social Media,34.48667506230751,218950,196728.5680728897,40,60
11615,2024-08-30 05:40:03.262060176,USA-EAST,Sugarfree,f1 sponsorship,34.66003826116396,254653,218003.7663841397,65,10
11616,2025-08-06 22:02:33.547436064,TH-CENTRAL,EnergyShot,in-store promo,41.389739103963805,175207,158996.4556200036,24,39
11617,2025-01-26 04:43:52.825012984,TH-NORTH,Original,extreme sports,47.88278722442335,44859,67356.5908129981,60,28
11618,2024-12-23 09:21:37.439582888,USA-EAST,Sugarfree,f1 sponsorship,41.236783796987574,97010,97369.89411930926,65,49
11619,2025-03-19 17:33:39.371166200,ASIA-PACIFIC,Original,extreme sports,39.1556683474005,70485,82986.80537054621,41,36
11620,2023-04-21 15:20:03.332817024,TH-NORTH,EnergyShot,TV Ad,42.61301020478492,70578,74923.01263782496,64,13
11621,2023-03-26 20:22:34.402613396,TH-CENTRAL,Sugarfree,extreme sports,37.30411224567436,129250,123179.85972356152,35,96
11622,2025-12-01 02:15:18.241819104,TH-EAST,Original,Social Media,29.202846852015703,91308,95878.7004308764,75,36
11623,2025-02-21 15:48:24.386732008,EUROPE-EU,Original,extreme sports,39.2459363175582,78829,93660.62236230246,8,26
11624,2023-01-30 07:35:00.816064513,TH-SOUTH,EnergyShot,extreme sports,47.1525056901076,56441,60938.63491525353,35,86
11625,2024-02-27 23:50:19.968387944,USA-EAST,Original,f1 sponsorship,31.50605884715319,42907,53534.00895908678,37,4
11626,2025-07-24 00:36:45.938003424,ASIA-PACIFIC,Original,extreme sports,41.80009781641331,54276,70553.64852995635,32,95
11627,2025-01-14 10:41:25.267149504,TH-EAST,Original,extreme sports,32.01867377318113,76808,84439.49588472661,41,82
11628,2025-06-22 00:24:54.678097632,ASIA-PACIFIC,Sugarfree,TV Ad,38.71655368946163,145072,136196.7457696406,60,64
11629,2025-07-14 15:18:11.022170832,TH-NORTH,Sugarfree,f1 sponsorship,29.93352899293439,165607,152104.05225976894,45,38
11630,2024-05-23 13:50:13.314396584,TH-CENTRAL,Original,extreme sports,37.0074187251637,66067,78118.38363467311,85,88
11631,2024-03-31 01:44:35.418376048,TH-SOUTH,Sugarfree,Social Media,43.12326657790492,143753,134956.66830483725,60,87
11632,2023-05-11 00:18:35.750849052,ASIA-PACIFIC,EnergyShot,in-store promo,34.95143048477964,122849,118349.76846518545,17,22
11633,2023-09-30 03:38:14.205139892,TH-NORTH,Sugarfree,in-store promo,41.29823448974436,83807,86684.72869959121,69,2
11634,2023-07-25 12:47:13.111277516,USA-EAST,EnergyShot,f1 sponsorship,43.90899921579458,45137,51368.14962967271,81,31
11635,2024-11-03 05:05:26.016576960,TH-CENTRAL,Sugarfree,TV Ad,46.54355638958906,153674,143403.57330434833,79,11
11636,2025-12-09 08:16:09.686462656,ASIA-PACIFIC,Original,in-store promo,32.69284163710907,207287,187130.34985303986,14,92
11637,2024-04-25 22:17:15.299118392,TH-CENTRAL,Sugarfree,TV Ad,35.986318316186164,94616,95255.4668287614,47,46
11638,2025-03-29 01:16:41.654563304,TH-EAST,EnergyShot,in-store promo,31.04832026660835,73281,76361.36597933587,71,96
11639,2025-01-11 18:07:21.065619632,TH-NORTH,Sugarfree,Social Media,47.84967004316751,268656,227408.54888939238,12,62
11640,2025-05-23 09:52:44.582870256,TH-EAST,EnergyShot,TV Ad,46.54001935848591,106953,105004.95449755955,42,69
11641,2024-08-08 12:27:11.531524784,USA-EAST,Sugarfree,TV Ad,38.799142605611195,94138,94722.52395853295,59,64
11642,2024-01-12 09:25:36.138828964,USA-WEST,Sugarfree,f1 sponsorship,44.840665887528424,259249,221419.38792198317,56,10
11643,2024-07-17 11:39:07.635778352,TH-NORTH,Sugarfree,in-store promo,38.41915954544084,248373,213421.41983335227,70,40
11644,2024-12-24 01:57:12.684692632,USA-WEST,Sugarfree,in-store promo,40.471713760055195,149693,139669.29410492672,16,24
11645,2023-01-06 12:13:33.594282602,USA-WEST,Sugarfree,in-store promo,29.78248864232033,160711,147847.7722855549,49,99
11646,2025-09-29 10:54:34.204030032,ASIA-PACIFIC,EnergyShot,TV Ad,43.10540840993616,92946,93549.7409668044,31,44
11647,2024-08-15 22:59:51.229225960,USA-EAST,Sugarfree,Social Media,30.554269672704695,61232,65660.3340959115,21,60
11648,2023-07-24 15:13:58.356416214,TH-CENTRAL,Original,in-store promo,44.521352605050566,167977,164686.3650711322,54,62
11649,2023-03-23 19:53:26.978678876,USA-EAST,EnergyShot,in-store promo,43.64056175340772,66154,69668.98431804263,56,87
11650,2023-05-07 22:39:27.932415860,EUROPE-EU,Sugarfree,TV Ad,42.17489395485953,148439,139854.90939132997,12,17
11651,2024-01-03 10:16:00.504868076,TH-CENTRAL,Original,f1 sponsorship,28.723207610495244,279922,238099.43970260213,46,65
11652,2025-05-13 15:35:59.854817440,EUROPE-EU,Sugarfree,TV Ad,34.06256711890657,285057,240566.87783411687,86,95
11653,2023-02-15 07:40:32.387958373,TH-EAST,EnergyShot,f1 sponsorship,33.26225139821686,98418,97866.45730947172,61,95
11654,2025-10-17 16:48:20.137147136,TH-NORTH,Original,f1 sponsorship,35.202728149430385,188587,174822.68400913087,53,57
11655,2023-10-07 10:21:48.977307672,ASIA-PACIFIC,Original,f1 sponsorship,29.752854935276773,152379,144815.25282157154,28,55
11656,2023-12-13 14:19:54.411148980,TH-NORTH,EnergyShot,extreme sports,46.73915646062126,265692,225137.0255172212,21,53
11657,2025-06-29 09:34:00.068436608,USA-EAST,Sugarfree,f1 sponsorship,39.076044814247524,105474,104286.17285521064,64,56
11658,2023-02-08 19:14:49.807412877,TH-SOUTH,Original,Social Media,34.11048621316047,38430,50740.48136648337,28,98
11659,2025-02-15 12:42:31.435780496,TH-NORTH,Original,f1 sponsorship,35.93963034148567,72164,82512.24118628302,47,9
11660,2023-08-09 12:19:10.297008864,ASIA-PACIFIC,Sugarfree,f1 sponsorship,36.94405081009671,124706,119904.56023387962,4,22
11661,2024-08-18 16:34:29.661579576,TH-NORTH,EnergyShot,f1 sponsorship,40.011886667212345,116101,113144.22595409772,34,13
11662,2024-03-02 01:31:44.214719712,USA-EAST,Sugarfree,TV Ad,38.313588553929954,241780,208272.5838245772,73,89
11663,2025-11-07 14:01:53.209542848,TH-NORTH,Sugarfree,f1 sponsorship,46.38783946428835,210582,186112.13322776757,82,48
11664,2023-10-13 14:42:31.977358780,USA-WEST,Sugarfree,f1 sponsorship,37.9392696581166,111693,109911.26392297944,70,18
11665,2023-08-05 18:58:16.584991900,USA-WEST,Sugarfree,TV Ad,47.84316029646625,152210,141548.76343324268,45,76
11666,2025-11-22 05:50:27.249274080,EUROPE-EU,EnergyShot,f1 sponsorship,45.028499154901915,10,69111.82079166704,34,40
11667,2025-10-19 17:46:59.089406928,USA-EAST,Original,f1 sponsorship,32.170210287146716,266409,229629.28896402015,44,17
11668,2024-09-15 08:25:56.824277192,EUROPE-EU,Original,extreme sports,46.61190429287832,215771,237084.96488970684,12,15
11669,2023-12-31 01:06:23.458423064,USA-WEST,Sugarfree,extreme sports,30.32732795770952,294820,245960.70707618762,9,15
11670,2025-04-27 09:23:35.350885328,ASIA-PACIFIC,EnergyShot,f1 sponsorship,44.34899416982383,263585,223710.56615716754,65,79
11671,2025-12-15 04:50:58.064644800,USA-EAST,EnergyShot,TV Ad,35.612465869531604,82631,84792.17753924511,69,63
11672,2024-09-10 08:00:45.922935496,TH-EAST,Sugarfree,Social Media,45.55948640890139,53214,59239.29664032577,71,39
11673,2024-09-24 22:39:43.196444800,TH-CENTRAL,Original,extreme sports,45.361133802149006,169076,165919.3454825348,24,13
11674,2023-05-03 13:22:05.918237836,TH-NORTH,Original,TV Ad,44.11850800235243,261697,232521.00537662208,43,81
11675,2023-02-12 20:25:28.920992231,ASIA-PACIFIC,EnergyShot,in-store promo,43.80060872614123,83051,85470.27233194857,59,32
11676,2023-06-24 22:44:13.370907964,USA-EAST,Sugarfree,TV Ad,34.09358278196082,45000,51408.58292482837,46,9
11677,2024-12-20 10:29:40.467099776,EUROPE-EU,EnergyShot,extreme sports,29.618385661025044,115614,211099.20920644887,39,40
11678,2023-05-11 06:32:06.093257730,TH-EAST,EnergyShot,extreme sports,36.05960357530323,60462,65359.1368573468,6,20
11679,2024-12-13 12:56:37.166461224,ASIA-PACIFIC,EnergyShot,Social Media,31.470490299730173,141452,132741.2063820061,45,90
11680,2023-04-29 08:38:26.528248874,TH-NORTH,Sugarfree,extreme sports,41.89902177804923,211139,185777.467437757,22,91
11681,2023-07-06 19:04:08.690917342,USA-EAST,EnergyShot,f1 sponsorship,34.92199453075571,97659,97359.51709123602,82,85
11682,2024-04-20 17:10:32.493956392,TH-SOUTH,EnergyShot,in-store promo,47.5122040171983,62681,66792.51268934534,45,82
11683,2025-02-17 14:11:58.120937160,TH-EAST,EnergyShot,Social Media,40.81944154690664,235811,204004.24569116574,85,77
11684,2025-06-18 21:24:55.548580000,ASIA-PACIFIC,EnergyShot,in-store promo,44.44961127268722,198568,176035.0169774083,12,80
11685,2024-03-30 06:56:18.462518936,USA-WEST,EnergyShot,f1 sponsorship,30.65049345483697,297972,247698.09689736096,20,73
11686,2025-10-23 15:03:51.628581712,TH-NORTH,Sugarfree,f1 sponsorship,45.24028964545245,123844,118861.60666399186,0,63
11687,2023-09-19 07:08:17.450484588,TH-NORTH,Sugarfree,extreme sports,46.455143810267884,57533,62352.477258039944,18,76
11688,2024-07-05 11:00:28.412311112,EUROPE-EU,EnergyShot,Social Media,37.74123837637872,210610,196870.00706705914,59,44
11689,2025-12-17 13:36:52.430383840,ASIA-PACIFIC,Sugarfree,Social Media,40.12505875501955,168585,154346.68377064914,32,38
11690,2025-01-10 12:12:23.490667912,ASIA-PACIFIC,Sugarfree,TV Ad,43.29619601805991,92191,92640.78627782702,3,83
11691,2025-03-25 00:20:31.469814136,TH-NORTH,Sugarfree,TV Ad,31.496772545208252,239338,206345.79780095187,2,60
11692,2023-04-25 14:53:40.344577734,USA-EAST,Sugarfree,in-store promo,38.05132152926885,89695,90751.09716998875,51,71
11693,2025-05-30 21:33:34.072366032,TH-CENTRAL,Original,in-store promo,35.97326055544626,95707,102132.33096658732,27,99
11694,2024-07-20 10:46:40.876033552,USA-WEST,EnergyShot,extreme sports,30.92747984324498,63738,68505.71087334384,69,48
11695,2024-10-23 22:17:36.213350504,TH-NORTH,Original,f1 sponsorship,35.35068844583063,129719,129886.45580617088,69,18
11696,2025-09-12 20:47:53.019039168,TH-EAST,EnergyShot,Social Media,29.363446187709872,141604,133785.8447874838,54,16
11697,2023-10-04 11:29:54.917497264,USA-EAST,EnergyShot,TV Ad,28.51623813898974,167037,152912.35806965968,56,55
11698,2024-11-08 00:01:44.524308848,TH-EAST,EnergyShot,in-store promo,30.703325783096457,218383,191792.8534247555,86,39
11699,2024-04-22 01:48:25.785814808,ASIA-PACIFIC,EnergyShot,Social Media,47.26230223178348,274512,231220.18573608517,15,68
11700,2023-12-26 05:11:37.616787312,USA-WEST,Original,extreme sports,38.99059071790034,64546,77546.81977756173,23,59
11701,2024-03-21 17:20:23.528556328,ASIA-PACIFIC,Original,extreme sports,47.3164432230644,38207,60869.619669731415,68,89
11702,2024-11-29 13:03:41.633511200,TH-CENTRAL,Sugarfree,TV Ad,36.64995756660264,48147,53706.246718866656,40,96
11703,2024-06-24 01:12:53.603624024,ASIA-PACIFIC,EnergyShot,Social Media,34.23632266170519,75430,78724.27561376325,76,62
11704,2025-03-27 16:08:45.755985712,USA-WEST,Sugarfree,Social Media,38.122837256804885,204433,181589.8971563252,46,13
11705,2025-06-14 15:58:11.501350992,TH-NORTH,EnergyShot,Social Media,36.790233772658205,224123,195495.41559929933,75,81
11706,2024-01-28 12:13:48.251738552,TH-NORTH,Original,f1 sponsorship,30.11329368523488,235745,207301.14270562443,68,6
11707,2024-06-19 14:18:55.519057448,TH-EAST,Sugarfree,Social Media,40.816526293804124,99181,98741.64238086854,30,83
11708,2023-03-22 14:56:28.177882549,TH-SOUTH,EnergyShot,Social Media,32.32076365019199,114512,111178.96265230398,29,77
11709,2024-01-09 03:40:55.510359164,TH-EAST,Sugarfree,Social Media,40.391759097956594,158889,146626.92911309988,17,60
11710,2025-09-30 18:51:42.985206560,TH-NORTH,EnergyShot,TV Ad,41.00402184796307,58321,62636.6193720453,43,90
11711,2025-10-05 17:29:11.266074880,TH-EAST,EnergyShot,in-store promo,31.04049706257296,192175,172228.30464224925,26,14
11712,2023-12-20 10:48:20.894200500,EUROPE-EU,EnergyShot,TV Ad,29.226992542213363,167990,246747.00673515155,25,95
11713,2025-10-08 05:28:30.208307408,ASIA-PACIFIC,Sugarfree,f1 sponsorship,43.6152317213688,127286,122161.26227560051,59,54
11714,2024-12-03 22:02:11.884042448,ASIA-PACIFIC,EnergyShot,f1 sponsorship,37.19600847538641,230534,200569.4950182768,17,4
11715,2025-08-09 01:01:24.984873584,USA-EAST,Original,extreme sports,29.163275910109515,159440,150006.78311392159,55,39
11716,2024-08-27 16:18:12.077415776,ASIA-PACIFIC,EnergyShot,TV Ad,47.89732634339534,72468,75562.36887207655,30,72
11717,2025-09-17 18:07:33.305111584,TH-NORTH,Original,extreme sports,29.155611219927334,180797,166447.48976051726,58,25
11718,2025-09-30 07:56:12.703638480,EUROPE-EU,EnergyShot,Social Media,41.90070457717106,53848,109974.85368881299,1,77
11719,2023-09-16 15:23:55.672514600,TH-SOUTH,EnergyShot,f1 sponsorship,47.67357850526827,51171,56880.64169069165,38,32
11720,2024-02-13 18:21:21.569824164,TH-SOUTH,EnergyShot,Social Media,32.78360208431851,198811,176985.94602354878,60,59
11721,2023-08-16 12:13:22.200660464,TH-SOUTH,Original,in-store promo,30.844987373743923,255721,221786.4698649455,62,63
11722,2025-11-22 14:15:37.846384320,USA-WEST,Sugarfree,Social Media,30.427698788448577,123596,118953.95337997483,17,38
11723,2024-04-08 23:44:02.993905048,ASIA-PACIFIC,EnergyShot,TV Ad,34.06550295135191,135890,128059.1094425541,16,92
11724,2025-10-10 06:46:02.273941520,TH-NORTH,Original,TV Ad,30.020916220212932,265372,228204.3365934423,38,53
11725,2025-11-17 15:18:25.086407936,TH-SOUTH,Sugarfree,extreme sports,41.84322683388264,247742,212721.76267347118,70,94
11726,2023-10-01 21:19:05.816896128,USA-EAST,EnergyShot,TV Ad,29.245835962601255,220934,192990.56471035542,53,67
11727,2025-05-21 15:05:29.564428480,USA-WEST,Sugarfree,f1 sponsorship,38.188442562995796,99423,99759.41275062959,75,28
11728,2023-03-12 08:44:03.341430241,USA-WEST,EnergyShot,f1 sponsorship,47.93393707705954,274435,232043.3309933289,34,3
11729,2024-08-21 08:19:05.708685312,USA-WEST,Sugarfree,Social Media,44.279405390120374,78592,80883.1515078426,10,98
11730,2024-03-08 16:32:17.774088024,TH-SOUTH,EnergyShot,f1 sponsorship,40.304388764620214,197070,175354.10388344436,60,80
11731,2024-09-04 00:04:33.483224384,TH-SOUTH,EnergyShot,f1 sponsorship,34.125072415732234,49664,55760.23610930374,43,22
11732,2023-03-30 15:40:11.462593811,EUROPE-EU,Sugarfree,extreme sports,40.47791672583277,201132,178743.96126498916,67,96
11733,2025-09-18 06:17:34.166149504,USA-WEST,Sugarfree,in-store promo,38.54082927823303,107005,105428.87037467197,24,38
11734,2024-08-19 08:01:49.222723336,TH-SOUTH,EnergyShot,in-store promo,36.52166767780743,150516,139935.395436744,47,72
11735,2023-09-13 11:08:17.260678756,ASIA-PACIFIC,Original,TV Ad,30.614207534803988,119285,119052.91041141062,31,72
11736,2023-08-17 10:44:13.060948700,USA-WEST,Original,extreme sports,45.732084304809334,66272,84551.35124924197,83,62
11737,2025-01-07 06:48:07.886030288,ASIA-PACIFIC,EnergyShot,TV Ad,36.995692976426454,195922,174396.15801877482,3,57
11738,2025-04-28 13:35:10.266979072,EUROPE-EU,Sugarfree,in-store promo,31.8924502364153,266130,226395.1110281215,37,6
11739,2025-05-28 18:01:22.477938016,TH-SOUTH,Original,TV Ad,35.355187017545795,281461,241816.8484564807,62,78
11740,2024-11-16 22:19:27.673516248,USA-EAST,Original,in-store promo,36.28259505057854,79151,88469.27263078302,46,32
11741,2024-04-25 08:28:52.052564136,TH-SOUTH,EnergyShot,in-store promo,44.550757911337485,222627,193474.55481259467,0,99
11742,2024-02-03 19:22:11.486352440,TH-NORTH,EnergyShot,in-store promo,42.67228761122804,206839,182867.87332113646,2,10
11743,2023-12-30 23:28:07.027735112,TH-CENTRAL,Sugarfree,f1 sponsorship,43.386097872826795,122166,118675.5579149145,85,3
11744,2023-12-05 07:37:48.977549308,TH-EAST,Original,f1 sponsorship,28.220625288572943,44316,53819.83987074517,61,59
11745,2024-05-18 19:28:16.150375856,EUROPE-EU,Sugarfree,f1 sponsorship,36.323079963595234,210675,187958.24946257324,63,76
11746,2024-07-28 02:56:58.133500592,TH-SOUTH,Original,extreme sports,37.62688303270647,276542,239098.97211190005,16,49
11747,2023-07-15 07:55:56.700273258,TH-EAST,Sugarfree,TV Ad,28.383845536461134,197783,176424.02438313028,77,59
11748,2025-12-19 07:58:05.967261136,USA-WEST,Original,Social Media,33.19626417490068,140250,137058.5448375268,61,31
11749,2023-12-13 04:33:43.358760800,EUROPE-EU,Original,Social Media,43.2057964624427,34686,155030.7788223257,34,93
11750,2023-08-21 17:45:04.256840100,TH-SOUTH,Original,extreme sports,30.74219411457998,84134,89925.7615319835,12,69
11751,2023-02-12 01:39:55.030757257,USA-WEST,EnergyShot,Social Media,38.70620262905183,230684,200108.8327507475,34,62
11752,2025-09-20 03:53:16.134349824,ASIA-PACIFIC,Original,f1 sponsorship,32.30403744034475,223807,199283.9660019698,42,52
11753,2025-02-20 06:31:34.400247296,USA-EAST,Sugarfree,extreme sports,28.242415492877864,76779,79103.46007748498,1,89
11754,2023-02-27 14:55:36.027401251,USA-EAST,Original,Social Media,32.82402915199083,260211,225595.6764999318,55,41
11755,2024-02-12 06:19:46.483960664,ASIA-PACIFIC,Original,in-store promo,47.517475098201075,87596,103837.94789466105,76,31
11756,2023-08-16 09:22:11.339913932,TH-NORTH,Original,in-store promo,44.030742237659794,281713,246451.21218732296,50,85
11757,2023-03-11 19:44:48.923820791,TH-NORTH,Sugarfree,extreme sports,47.19153288642067,133179,126580.60280744916,53,84
11758,2025-12-14 21:54:03.317151664,TH-NORTH,Original,Social Media,37.75708087852725,74793,85576.81174689993,15,22
11759,2023-04-22 13:54:03.726725906,USA-WEST,Original,extreme sports,30.19472397355007,121268,120344.02226913045,17,4
11760,2023-06-28 07:15:19.608383670,EUROPE-EU,EnergyShot,Social Media,38.95918977947386,135192,138036.06573943864,6,13
11761,2023-11-27 06:08:39.856701304,EUROPE-EU,Original,in-store promo,37.08754669119922,10,63861.55460765897,44,45
11762,2025-06-11 18:51:46.061991088,TH-SOUTH,Original,extreme sports,44.887141654792316,168977,165643.6762446579,35,42
11763,2025-04-14 11:25:59.404997776,TH-EAST,EnergyShot,Social Media,29.961651615684893,188804,169526.48797378008,40,49
11764,2023-03-20 17:01:55.826105183,TH-CENTRAL,Sugarfree,f1 sponsorship,37.76482274043556,226667,197786.09106989444,41,20
11765,2025-06-06 01:56:21.360989488,ASIA-PACIFIC,EnergyShot,TV Ad,31.000973293879685,50846,55833.97845814866,6,77
11766,2024-01-28 13:34:01.191422164,TH-NORTH,Sugarfree,TV Ad,34.4935185378012,174352,158247.64288676603,14,81
11767,2025-04-06 12:29:02.058554776,TH-CENTRAL,Sugarfree,f1 sponsorship,42.747141547755994,54912,60581.48665413288,59,54
11768,2023-03-18 06:36:46.498358847,ASIA-PACIFIC,Sugarfree,in-store promo,37.52036258737533,216676,190228.8439933307,39,36
11769,2024-02-09 17:24:43.304720228,USA-WEST,Sugarfree,Social Media,35.51776570291538,55783,61145.59714019689,82,97
11770,2024-02-16 17:01:05.544886004,ASIA-PACIFIC,Original,extreme sports,35.8895255714007,267919,232345.56966832653,36,1
11771,2025-04-10 04:28:20.737935600,EUROPE-EU,Original,Social Media,37.18893536811973,208413,190416.5133768993,65,15
11772,2024-08-14 17:43:41.433432224,TH-CENTRAL,Original,Social Media,43.700330876741134,151223,151477.95301703142,54,77
11773,2023-02-11 03:48:13.376040012,TH-CENTRAL,Sugarfree,extreme sports,45.84169377880469,147168,138300.784656235,76,17
11774,2024-10-17 08:34:05.128031768,EUROPE-EU,EnergyShot,extreme sports,47.10669373007856,10,76134.52608265248,79,24
11775,2025-08-20 17:35:48.452336928,EUROPE-EU,Original,extreme sports,43.7380677251059,61956,108199.87791293263,55,58
11776,2023-03-30 17:59:50.320129367,USA-WEST,Original,f1 sponsorship,34.308137914960255,256743,223791.82100417925,43,72
11777,2023-02-25 13:00:09.997231187,TH-CENTRAL,EnergyShot,Social Media,41.762694121730846,274043,230890.56231249878,56,91
11778,2024-06-07 19:54:31.145294000,EUROPE-EU,Sugarfree,extreme sports,36.75206248110784,37194,50149.541674106214,5,23
11779,2025-09-18 14:13:25.516747104,EUROPE-EU,Sugarfree,in-store promo,33.09341244092102,136288,168827.27829551027,31,46
11780,2023-04-30 20:47:19.025846342,TH-SOUTH,Sugarfree,Social Media,44.81743158851845,221421,193860.12180502273,73,72
11781,2025-05-02 23:34:31.870004352,EUROPE-EU,Sugarfree,TV Ad,28.7685269792465,193436,173749.39649152127,17,8
11782,2023-03-12 05:22:01.772932339,TH-CENTRAL,EnergyShot,TV Ad,46.03523984270847,61632,66335.95297327079,67,59
11783,2025-01-11 14:09:17.221335752,TH-NORTH,Sugarfree,extreme sports,37.22954929249468,92681,93544.97975978044,72,90
11784,2024-05-21 13:06:02.359523464,TH-CENTRAL,Sugarfree,Social Media,40.74402953616561,100859,100068.05347627721,6,59
11785,2025-06-29 02:04:56.852706560,TH-EAST,Original,Social Media,41.187078444115656,241718,216344.92626101794,7,13
11786,2024-05-29 09:40:46.958327392,TH-EAST,Sugarfree,extreme sports,45.90235481413073,153131,142639.8872617841,63,39
11787,2024-01-27 11:41:47.748778628,USA-WEST,EnergyShot,in-store promo,40.733393643344144,159937,147365.64238824736,6,28
11788,2024-10-10 19:37:39.599482848,ASIA-PACIFIC,Sugarfree,Social Media,40.27867169520124,282312,236978.60931090172,40,89
11789,2023-05-02 02:23:08.212403544,USA-WEST,EnergyShot,extreme sports,29.3330408112138,199627,177417.1777709431,39,61
11790,2025-10-12 07:31:21.631225648,TH-SOUTH,Original,Social Media,38.368160438904084,262806,229733.54031053276,2,16
11791,2023-03-09 02:54:23.966999903,USA-EAST,Original,Social Media,31.003380016340834,147504,141301.77106830658,16,2
11792,2025-07-03 02:54:11.977419824,TH-SOUTH,Sugarfree,in-store promo,42.74867537442971,76809,79887.25170365884,65,82
11793,2023-10-26 18:22:59.579816308,TH-NORTH,Sugarfree,extreme sports,38.24443841625349,279763,235987.11881481713,78,17
11794,2025-01-12 18:01:47.623896120,TH-SOUTH,Original,TV Ad,41.604555584167066,140499,141741.02313350764,51,30
11795,2023-12-09 03:05:27.764072364,TH-NORTH,Sugarfree,extreme sports,28.833458012047686,84048,86326.28437576437,21,13
11796,2023-05-06 02:49:05.795526640,TH-NORTH,EnergyShot,f1 sponsorship,29.695840320916066,114216,110479.14806078444,3,96
11797,2024-07-05 00:50:52.440280680,USA-WEST,Original,in-store promo,42.326467761253646,42881,60160.51793778845,5,93
11798,2023-11-09 01:55:38.649065268,USA-EAST,Sugarfree,Social Media,29.441686719973468,155469,143660.11829127703,37,94
11799,2024-10-17 14:08:12.317230640,TH-CENTRAL,Sugarfree,f1 sponsorship,29.42513455530517,259316,220625.6343820473,25,82
11800,2023-08-12 04:00:03.460789536,EUROPE-EU,EnergyShot,in-store promo,28.24216950469775,250970,236716.09120133787,10,13
11801,2025-11-20 02:33:44.074910432,EUROPE-EU,Original,extreme sports,47.1300279659896,164574,236520.44150072875,16,43
11802,2025-08-29 18:25:23.975981808,TH-NORTH,EnergyShot,TV Ad,42.75016718918014,71543,75046.00512574935,87,85
11803,2025-02-09 19:51:14.005772520,TH-EAST,EnergyShot,TV Ad,35.06502817004128,133681,126410.7765022114,30,94
11804,2025-07-21 17:45:40.594531776,USA-WEST,EnergyShot,Social Media,33.930711625753105,49162,55645.751930141276,76,21
11805,2024-06-05 17:47:25.550745816,USA-WEST,EnergyShot,extreme sports,34.99406459491699,259593,221033.06899429456,34,55
11806,2024-03-13 05:30:19.241937216,EUROPE-EU,Original,extreme sports,43.49307062362364,112561,121751.15240425475,15,81
11807,2024-01-01 22:05:31.095949572,TH-NORTH,Original,in-store promo,41.22741222140829,185999,176223.40557844695,78,40
11808,2023-10-28 19:10:34.569942176,USA-WEST,EnergyShot,in-store promo,31.70391135734936,221439,192979.68761545772,17,83
11809,2025-05-07 11:14:06.621140368,TH-NORTH,EnergyShot,extreme sports,31.482186706681688,144322,135968.93394863108,61,15
11810,2023-11-23 03:13:02.916691708,TH-EAST,EnergyShot,Social Media,29.967912994267948,114646,111288.46731004861,26,73
11811,2024-10-14 13:59:52.461300496,TH-SOUTH,Original,Social Media,41.206054394026765,278437,242442.58202318894,34,52
11812,2024-04-08 09:42:55.949958848,USA-EAST,Original,in-store promo,43.287453244434715,277524,242897.64500477083,44,74
11813,2023-12-02 20:45:32.656820784,TH-CENTRAL,Sugarfree,TV Ad,33.30092856650008,110344,107887.27360600438,34,95
11814,2025-04-10 16:50:08.426287872,TH-NORTH,Sugarfree,extreme sports,28.418899220618258,157939,145925.01934889163,27,53
11815,2025-01-24 21:59:21.415621064,USA-EAST,Sugarfree,f1 sponsorship,29.643433349528546,293715,244568.83173200447,8,87
11816,2023-01-05 17:32:22.890198188,TH-CENTRAL,Original,TV Ad,47.357200696900605,27532,50973.68153110064,75,52
11817,2024-06-14 08:11:01.084406840,TH-CENTRAL,EnergyShot,TV Ad,33.908895549548404,140639,132535.64967582986,14,30
11818,2025-04-16 21:36:42.513676032,USA-WEST,Sugarfree,Social Media,43.384462956762675,65620,70091.50993619369,20,33
11819,2023-02-17 11:51:39.213370154,TH-CENTRAL,EnergyShot,in-store promo,40.49327137708528,165763,151831.59311252052,51,57
11820,2024-10-05 15:42:56.008571072,USA-WEST,Sugarfree,extreme sports,35.63879279305792,49124,54933.99090809743,34,52
11821,2023-07-20 14:24:37.031065276,TH-NORTH,EnergyShot,TV Ad,32.113745243911104,138467,131379.68627812556,50,9
11822,2023-09-04 14:39:25.346050056,TH-CENTRAL,Sugarfree,TV Ad,30.42772836318813,93026,94139.81495706702,82,54
11823,2025-11-29 17:45:12.183397088,TH-EAST,Sugarfree,in-store promo,40.30025936077733,171103,156661.67249174818,54,1
11824,2023-07-14 10:58:36.911311894,ASIA-PACIFIC,Original,extreme sports,43.49267561275576,285685,249198.72982013994,86,44
11825,2025-10-14 04:08:24.976626544,EUROPE-EU,Original,extreme sports,40.878085070822614,162796,210107.22102534954,76,99
11826,2024-09-08 09:18:51.647811520,TH-NORTH,EnergyShot,f1 sponsorship,38.606042664983164,257194,219128.4183248843,43,75
11827,2023-12-18 12:20:40.597164668,USA-WEST,Original,Social Media,28.839024468632726,195008,177052.9974718162,64,98
11828,2024-05-30 06:10:30.991580840,EUROPE-EU,EnergyShot,TV Ad,47.36977555188768,47897,58311.969654451714,87,80
11829,2025-05-29 14:22:46.659578432,ASIA-PACIFIC,Sugarfree,f1 sponsorship,43.97428383309149,89116,91359.53520882883,79,9
11830,2025-03-08 08:12:48.388140040,USA-WEST,Original,Social Media,33.856440734019294,273150,235012.911289411,24,32
11831,2024-02-19 10:52:34.854565564,TH-NORTH,Original,Social Media,47.599406587177015,111128,123222.62358575025,86,15
11832,2023-12-05 01:40:04.326095824,TH-CENTRAL,Sugarfree,Social Media,40.037631792726444,65848,70727.34529615912,46,12
11833,2024-05-17 07:22:08.051391520,TH-CENTRAL,EnergyShot,Social Media,39.648453164144925,217504,190481.07317324038,79,97
11834,2025-05-20 02:55:20.499903136,USA-WEST,Original,Social Media,42.96146358859065,99284,109891.54478685092,55,78
11835,2025-03-01 15:34:39.182806808,ASIA-PACIFIC,Original,Social Media,44.23539576180275,90930,103771.38258083434,37,57
11836,2025-06-09 03:33:37.108422768,TH-NORTH,Original,extreme sports,41.12957214663005,288978,249595.49111165208,10,8
11837,2025-04-09 01:36:02.938938672,TH-NORTH,EnergyShot,in-store promo,30.561914927324,260535,221627.78500533086,66,72
11838,2024-10-08 05:46:34.068824248,ASIA-PACIFIC,EnergyShot,f1 sponsorship,34.765350119889966,139412,131587.5636735682,14,27
11839,2025-10-22 23:58:29.693227568,USA-EAST,Original,f1 sponsorship,46.561672806520995,279329,246052.24156329982,0,62
11840,2024-04-12 17:29:13.174199456,EUROPE-EU,EnergyShot,f1 sponsorship,32.49231223687704,202872,180022.64468384272,6,12
11841,2023-04-24 17:25:23.430185808,TH-SOUTH,Original,in-store promo,35.443340476750265,221152,198404.49037595204,0,65
11842,2024-05-08 01:57:58.666460872,EUROPE-EU,Sugarfree,Social Media,36.64153765888392,48808,56302.60861644232,48,42
11843,2025-04-03 06:15:26.787275208,TH-NORTH,Original,Social Media,36.788099793889046,61995,74321.05186961142,72,62
11844,2024-09-06 18:46:33.869702304,TH-CENTRAL,Sugarfree,f1 sponsorship,40.25879164989051,197919,176617.02529924767,28,11
11845,2024-12-31 07:17:38.127085592,TH-NORTH,Sugarfree,TV Ad,46.861516754894154,271815,229804.7965298968,25,43
11846,2023-01-07 17:34:17.490011057,ASIA-PACIFIC,Sugarfree,TV Ad,32.8138542366501,195699,174748.7452175191,86,95
11847,2023-04-28 08:53:44.077573170,ASIA-PACIFIC,Original,extreme sports,30.43002752601836,68816,76804.97886379836,44,17
11848,2025-04-28 23:23:02.707354048,TH-CENTRAL,EnergyShot,TV Ad,31.949409797198747,69560,73152.00924926493,70,97
11849,2023-03-10 02:55:21.115124316,TH-CENTRAL,Original,extreme sports,45.73849800418539,241237,218837.17916481633,11,32
11850,2025-08-10 21:55:17.652914576,TH-SOUTH,Original,Social Media,40.916216253104125,63272,77860.46774158286,31,93
11851,2024-07-22 20:08:18.835869328,USA-EAST,EnergyShot,in-store promo,33.7181357847832,169477,154046.39210080507,19,85
11852,2023-06-08 16:51:24.356835900,TH-NORTH,EnergyShot,Social Media,44.318938779372345,52420,57422.66399246045,50,85
11853,2025-11-10 05:54:28.121243168,TH-NORTH,Sugarfree,extreme sports,45.22739992726872,60652,66133.95347823547,80,40
11854,2024-08-20 17:41:26.229546224,TH-EAST,Original,Social Media,44.93028677380556,194199,184469.65352857296,35,23
11855,2025-03-03 16:38:57.231354120,TH-EAST,EnergyShot,TV Ad,46.378530672791086,213568,187836.28208550334,66,56
11856,2025-03-06 08:21:58.439593528,TH-NORTH,Original,f1 sponsorship,33.044820403467234,117307,118293.88132168847,0,6
11857,2024-12-14 10:13:35.124866200,TH-NORTH,EnergyShot,f1 sponsorship,43.10083857492557,93159,93121.95304860895,26,86
11858,2024-11-22 23:48:38.637204728,EUROPE-EU,Original,extreme sports,37.2107899454828,136447,212742.05415146158,39,50
11859,2025-10-19 09:45:17.820812832,USA-EAST,Original,in-store promo,44.83997105780123,77850,93420.64589397807,83,37
11860,2024-06-23 22:09:10.155812992,USA-WEST,Original,TV Ad,42.569813543232264,161712,158405.41393327594,13,64
11861,2024-07-31 19:52:25.882870296,TH-NORTH,Sugarfree,extreme sports,43.52894892999449,291144,243641.7681725811,68,54
11862,2025-08-16 09:41:23.668464416,TH-NORTH,Original,in-store promo,41.12323675362143,64670,79570.48757247676,86,72
11863,2023-07-31 20:45:20.014871312,TH-EAST,Original,extreme sports,31.548575389394138,278335,238175.25349894178,78,49
11864,2024-03-15 23:58:13.813251352,TH-NORTH,Original,extreme sports,38.900538377938766,75183,86578.61061373373,5,99
11865,2023-03-30 13:08:23.537546557,TH-EAST,EnergyShot,TV Ad,47.69339479049016,180466,163488.6416046459,32,11
11866,2023-10-25 02:03:37.763864000,TH-SOUTH,EnergyShot,extreme sports,46.74776132994238,132278,125401.54239174892,54,88
11867,2025-03-31 02:25:40.597228432,EUROPE-EU,EnergyShot,TV Ad,28.863474715940235,290840,242985.72030036518,18,49
11868,2023-12-05 22:47:38.311780664,ASIA-PACIFIC,Original,in-store promo,31.296296314588744,100981,104708.40580038738,76,21
11869,2023-05-15 07:45:36.988332122,ASIA-PACIFIC,Original,f1 sponsorship,30.63457546909124,132923,129931.60041715072,28,66
11870,2025-05-02 00:52:24.516425760,USA-WEST,Original,extreme sports,42.51959819970591,283018,246572.0235710841,60,63
11871,2025-01-11 09:28:54.780839904,ASIA-PACIFIC,EnergyShot,f1 sponsorship,44.355706597138905,173083,157294.07823769463,69,83
11872,2023-08-20 06:57:13.710990692,USA-EAST,Sugarfree,f1 sponsorship,32.27022732621344,163309,150526.0231242507,78,28
11873,2024-11-15 13:48:29.752756752,EUROPE-EU,Sugarfree,f1 sponsorship,38.11705385903658,4779,101555.69764079826,79,17
11874,2024-08-09 16:57:48.339293920,TH-NORTH,Original,f1 sponsorship,44.814060560224,202325,190272.71206208828,23,6
11875,2024-09-14 12:02:35.017721808,EUROPE-EU,Sugarfree,TV Ad,42.65603089532501,10,52874.59035555553,22,19
11876,2023-11-16 20:45:33.694801392,ASIA-PACIFIC,Sugarfree,Social Media,38.84474410983697,54719,59902.525940458705,9,56
11877,2024-11-10 22:58:42.615964152,USA-EAST,Sugarfree,in-store promo,39.806953809175454,189013,169871.71742716053,53,28
11878,2024-09-06 20:47:55.647163856,ASIA-PACIFIC,Sugarfree,in-store promo,38.167210938325596,122927,118334.91476369083,40,66
11879,2025-04-04 06:27:38.360299872,TH-CENTRAL,Sugarfree,Social Media,33.95096902637641,287045,240663.27444019212,48,38
11880,2024-07-19 04:37:07.192009440,TH-EAST,Sugarfree,Social Media,39.30043985718032,272941,230638.13814455713,16,37
11881,2024-03-16 12:23:33.468002416,TH-EAST,Original,f1 sponsorship,41.777706041001814,208045,192741.25173534144,55,68
11882,2023-05-18 23:39:54.895542662,TH-SOUTH,EnergyShot,TV Ad,45.46645831721615,249805,213629.11622556025,44,86
11883,2023-10-18 16:53:18.366806260,TH-SOUTH,EnergyShot,extreme sports,40.72582707958496,208369,183466.36993353866,29,90
11884,2023-10-03 21:15:35.173762840,TH-NORTH,Original,Social Media,43.22243074086316,58164,75116.42054203214,43,49
11885,2025-03-11 16:24:38.493923664,EUROPE-EU,EnergyShot,extreme sports,31.20143269909146,232489,203108.67393784053,73,43
11886,2025-11-21 18:40:24.817626128,TH-CENTRAL,Sugarfree,extreme sports,37.2311494883958,90501,92038.39374376927,54,36
11887,2024-11-19 15:14:43.613693152,ASIA-PACIFIC,Sugarfree,extreme sports,28.186632396541867,118519,114688.57102003935,18,58
11888,2025-04-24 06:06:17.418306096,USA-EAST,Original,TV Ad,32.93357729043246,243972,213846.84242048403,28,13
11889,2023-03-25 01:32:47.057150480,USA-WEST,EnergyShot,extreme sports,42.52923430226009,173225,157305.12167868964,1,52
11890,2024-12-14 12:19:27.165404936,USA-WEST,Sugarfree,f1 sponsorship,47.83619902698727,260796,221988.14283668186,35,58
11891,2023-03-15 21:00:58.539150155,TH-EAST,Original,TV Ad,29.983561991744317,87589,92607.06396865283,18,32
11892,2023-11-28 18:14:29.153192968,EUROPE-EU,EnergyShot,TV Ad,36.02988631722577,84970,171555.68772137744,6,81
11893,2025-07-08 13:08:06.563523152,EUROPE-EU,Original,in-store promo,44.00141937398319,32708,66758.19450965233,25,60
11894,2025-10-08 00:48:37.943744480,TH-NORTH,Original,Social Media,32.080712692577976,195350,178612.19870800595,78,83
11895,2025-02-13 14:42:01.226669760,TH-NORTH,Sugarfree,f1 sponsorship,39.101698986045726,233661,202506.80755510696,37,58
11896,2024-05-29 14:57:36.964767112,TH-CENTRAL,EnergyShot,f1 sponsorship,42.661425920593494,186804,166986.17879574432,2,99
11897,2025-01-22 12:08:34.140518192,TH-CENTRAL,Original,TV Ad,40.31970900520358,93191,103246.30029976205,79,56
11898,2023-09-27 13:35:25.583131720,USA-EAST,Original,TV Ad,31.760494692308324,45349,56268.53377177334,65,28
11899,2023-06-04 01:32:06.437788896,TH-EAST,Sugarfree,extreme sports,35.107691373714786,69038,73889.77679285716,70,1
11900,2024-08-13 04:47:08.549523400,USA-EAST,Original,TV Ad,43.675835689707945,182064,174460.59581480525,42,42
11901,2024-04-23 14:18:21.885281552,USA-WEST,Sugarfree,in-store promo,39.08453028264033,281918,236884.04336850275,61,82
11902,2024-03-23 12:54:06.880995696,TH-NORTH,Original,in-store promo,28.104592270858255,86496,91306.88079440128,70,48
11903,2024-03-18 23:25:16.715712280,USA-WEST,Sugarfree,in-store promo,43.219815200561875,226016,197005.22982101975,23,40
11904,2023-01-28 10:01:43.245233815,TH-SOUTH,Original,Social Media,28.70622709880478,259048,223290.2126498083,38,97
11905,2023-09-17 01:04:48.645069912,TH-NORTH,EnergyShot,extreme sports,42.914675654624645,168712,154176.43568950222,67,63
11906,2023-08-09 11:29:12.478422348,TH-NORTH,Sugarfree,in-store promo,32.04961120330475,208367,183853.15916873154,43,76
11907,2023-11-13 09:24:10.545108928,ASIA-PACIFIC,EnergyShot,f1 sponsorship,47.161469602387605,249060,213003.0633352296,4,72
11908,2024-08-06 19:23:18.829009944,TH-EAST,Sugarfree,in-store promo,35.35881502604169,103227,102135.03154811871,54,88
11909,2023-09-04 11:50:50.947702400,ASIA-PACIFIC,Sugarfree,in-store promo,34.53863232676158,112142,109379.13485360859,29,80
11910,2025-03-12 16:42:47.139572808,ASIA-PACIFIC,EnergyShot,f1 sponsorship,30.977761006648894,43564,50125.503325691236,28,4
11911,2024-06-26 15:00:33.618645120,ASIA-PACIFIC,EnergyShot,in-store promo,34.112084309804295,290247,242618.8261795605,25,38
11912,2023-02-09 01:43:39.838467875,USA-EAST,Sugarfree,extreme sports,45.53301523656401,276528,233508.97891926896,82,27
11913,2023-09-19 01:28:17.330901444,USA-EAST,EnergyShot,extreme sports,47.926686752544946,233886,202913.65275188605,25,9
11914,2025-03-19 10:30:12.839218784,TH-EAST,Sugarfree,extreme sports,35.36619061013697,60541,65815.20419532963,36,16
11915,2023-08-17 01:18:04.466509516,TH-EAST,EnergyShot,extreme sports,36.972212619090854,149612,139500.57793990162,52,56
11916,2025-04-20 05:06:11.147424416,TH-NORTH,Sugarfree,extreme sports,42.441418764054745,66254,70378.35079431057,29,76
11917,2023-12-09 12:40:48.390117912,TH-SOUTH,EnergyShot,in-store promo,45.723915609301486,47700,53184.05345255972,2,31
11918,2025-02-16 10:18:58.780404280,USA-WEST,Original,extreme sports,39.860886683735686,183336,173236.59304251947,42,88
11919,2023-02-18 19:18:28.014469135,EUROPE-EU,Original,extreme sports,35.830513963556584,277269,242165.8834160377,6,14
11920,2024-02-27 18:27:29.110477472,TH-EAST,Sugarfree,f1 sponsorship,36.25243681697248,272450,230573.60468643002,48,25
11921,2025-06-11 16:02:44.690789632,TH-EAST,Original,extreme sports,41.91236292993614,203179,189350.9629870809,72,34
11922,2024-10-21 11:04:50.398547048,EUROPE-EU,EnergyShot,TV Ad,28.064365272085574,10,69328.11683297428,40,67
11923,2024-08-08 01:01:06.767165336,EUROPE-EU,Sugarfree,in-store promo,40.39178674919681,76457,104832.80753446004,76,24
11924,2025-05-16 19:57:45.358188000,ASIA-PACIFIC,Original,Social Media,35.10986020882715,110083,114011.3453770582,78,73
11925,2025-11-17 20:57:43.386911632,TH-NORTH,Original,f1 sponsorship,43.88394662554168,219857,202630.01154911224,53,26
11926,2024-05-03 20:43:10.344350344,TH-SOUTH,Original,Social Media,29.85981279646264,240219,210449.83584702283,68,20
11927,2023-05-19 01:34:14.503405604,TH-SOUTH,EnergyShot,in-store promo,39.76404533896781,134190,127021.22459798408,26,64
11928,2023-10-31 21:38:55.839116932,TH-NORTH,Original,in-store promo,37.619457797722475,133618,133576.79932352193,7,10
11929,2024-10-12 14:59:49.375845408,TH-NORTH,EnergyShot,in-store promo,40.84651051810455,54297,58901.80785523426,31,83
11930,2023-11-16 23:22:48.640715544,TH-NORTH,Sugarfree,in-store promo,29.297071889659367,109746,107827.3436837522,83,67
11931,2025-04-13 12:44:17.026155056,TH-NORTH,Sugarfree,TV Ad,39.599675748562625,149796,140257.03543552797,63,24
11932,2024-07-04 18:00:22.320504416,TH-NORTH,EnergyShot,in-store promo,39.22969175919047,69192,73396.60927705152,9,5
11933,2023-04-14 23:49:52.571387208,TH-CENTRAL,EnergyShot,extreme sports,39.21320188832342,151610,140653.49215100426,12,67
11934,2024-04-11 15:29:39.868031360,EUROPE-EU,EnergyShot,extreme sports,40.06975333192909,259126,220635.16245156009,62,58
11935,2025-10-14 20:57:23.843809904,USA-EAST,Sugarfree,extreme sports,41.529358744527244,184479,166264.20394501067,34,27
11936,2024-02-29 08:16:32.808994928,USA-EAST,Sugarfree,extreme sports,44.0997799936154,61090,65785.97100768247,60,80
11937,2025-08-20 01:53:01.047134208,TH-SOUTH,Original,extreme sports,33.39641440256429,80404,88334.26376605486,53,15
11938,2023-06-13 09:41:49.581759126,TH-EAST,Sugarfree,Social Media,44.50098820360124,156421,144908.87003171124,7,35
11939,2024-03-19 23:27:25.361449032,TH-CENTRAL,Sugarfree,in-store promo,37.96511364526907,128103,122297.42996436241,28,76
11940,2023-10-21 21:43:57.440498352,TH-CENTRAL,Original,extreme sports,29.541165582686624,123028,121745.40390921975,40,53
11941,2025-11-13 00:27:31.772759296,TH-NORTH,Sugarfree,extreme sports,29.171018584879583,170789,155853.48962871803,29,44
11942,2023-10-06 21:54:05.919288916,EUROPE-EU,EnergyShot,extreme sports,34.684766373921214,120606,166879.1843178915,85,26
11943,2023-12-23 17:40:41.488922256,ASIA-PACIFIC,EnergyShot,f1 sponsorship,43.69793954222935,243479,209372.3140552382,20,47
11944,2025-03-19 22:11:21.624268416,TH-NORTH,Original,f1 sponsorship,42.15361869481831,109998,118193.31269249693,75,34
11945,2023-05-17 15:32:59.352697518,EUROPE-EU,Original,in-store promo,43.77229929344813,229720,211093.25660811734,10,87
11946,2023-08-09 05:25:35.314521320,USA-WEST,EnergyShot,Social Media,38.34538112883219,123189,117722.2458225265,1,95
11947,2023-07-09 01:17:17.697241046,USA-EAST,Sugarfree,f1 sponsorship,36.80397995910981,55827,61086.59778824676,49,50
11948,2024-04-07 17:12:34.828037800,TH-SOUTH,Sugarfree,extreme sports,30.94905053412568,177551,160837.53020095825,40,84
11949,2024-12-13 13:05:57.960320776,USA-WEST,Sugarfree,Social Media,34.56385507218623,185524,167580.4649789629,65,12
11950,2025-04-10 23:01:09.057970672,USA-WEST,Sugarfree,Social Media,36.680387323477504,282592,236908.04912437202,2,87
11951,2024-07-27 07:09:32.940386352,ASIA-PACIFIC,EnergyShot,f1 sponsorship,29.772008593592346,222588,195212.26521249488,79,4
11952,2023-01-14 06:04:13.832228361,TH-SOUTH,Sugarfree,extreme sports,32.41223905422422,277315,233554.5304988879,50,87
11953,2024-11-22 12:50:54.298065288,USA-EAST,Original,in-store promo,39.964505881274775,264044,231669.44204860192,67,48
11954,2025-04-16 18:04:10.700903248,ASIA-PACIFIC,EnergyShot,extreme sports,42.713262284783795,190494,170914.82205164843,86,55
11955,2023-07-08 00:26:48.235738994,USA-EAST,EnergyShot,TV Ad,47.966950227858995,169429,155552.4130672895,83,1
11956,2024-07-04 08:44:33.348197176,TH-NORTH,EnergyShot,TV Ad,46.66226662687116,179072,161488.19343271997,24,89
11957,2024-01-01 01:01:43.371194100,TH-EAST,Original,TV Ad,40.851303990703826,283305,245666.16153544956,29,66
11958,2025-11-02 13:00:56.367946256,USA-EAST,Sugarfree,Social Media,36.42496106588144,236078,204633.53834939178,81,30
11959,2023-01-19 21:48:20.644240566,ASIA-PACIFIC,Sugarfree,Social Media,40.72354729416465,66707,71253.18095847916,10,3
11960,2025-12-01 21:34:55.013894416,USA-WEST,Original,Social Media,43.71303236160464,224592,205685.68135628,16,21
11961,2024-07-01 09:31:20.488047920,ASIA-PACIFIC,EnergyShot,extreme sports,30.366723818467747,82494,84107.60977964518,25,89
11962,2025-08-01 03:19:34.372541520,TH-NORTH,Sugarfree,f1 sponsorship,36.19809779392577,149935,139470.10980112513,22,84
11963,2023-05-16 17:42:37.724592568,EUROPE-EU,Sugarfree,f1 sponsorship,44.79604571271234,88282,92091.93443530684,55,49
11964,2025-12-03 22:50:17.844918432,USA-WEST,Original,in-store promo,35.67665903866088,206141,187916.61310664596,51,86
11965,2024-11-17 08:10:08.331547112,TH-NORTH,Sugarfree,f1 sponsorship,39.43744542454373,265802,225461.94723860713,47,85
11966,2024-11-03 07:37:20.459694640,TH-NORTH,Sugarfree,in-store promo,39.755387217243964,110452,108072.37707333619,19,62
11967,2023-01-05 12:35:10.198070503,TH-CENTRAL,Original,Social Media,31.689525062672786,56961,66402.14824163752,1,97
11968,2024-05-01 03:07:36.798523120,TH-CENTRAL,Original,TV Ad,35.24470883304577,104577,109698.61961499265,87,38
11969,2023-05-01 07:40:45.729372836,TH-CENTRAL,Sugarfree,TV Ad,34.690225774838645,208676,184472.37158643888,30,15
11970,2024-02-06 18:22:57.854605620,USA-EAST,EnergyShot,extreme sports,28.523934170641297,119978,115752.02551088999,26,52
11971,2025-11-25 16:03:48.819416896,TH-CENTRAL,EnergyShot,f1 sponsorship,28.483835277827104,108092,105622.43351076069,1,79
11972,2023-09-01 07:28:55.809399960,USA-EAST,EnergyShot,Social Media,44.63394087351547,84799,86887.03811685299,77,46
11973,2025-02-20 17:23:57.999795736,TH-CENTRAL,Sugarfree,Social Media,33.46141619945625,162487,149503.2853748867,3,25
11974,2025-07-30 06:22:47.691010912,USA-EAST,Original,in-store promo,38.36157532477631,98029,105189.7656314375,12,21
11975,2023-05-22 08:22:21.952068742,TH-CENTRAL,Sugarfree,f1 sponsorship,33.97451147177546,225327,196202.06982789663,34,88
11976,2024-01-15 12:49:06.510426952,USA-WEST,Sugarfree,TV Ad,46.813584902306815,59501,65324.480398440544,71,5
11977,2024-03-09 17:29:07.745034152,EUROPE-EU,Original,in-store promo,33.18593517731547,198778,182806.6066222635,65,70
11978,2025-01-13 20:28:24.243101928,TH-NORTH,EnergyShot,f1 sponsorship,36.5931362547787,97806,97512.00291355397,5,47
11979,2025-04-27 22:49:45.513528224,EUROPE-EU,Original,TV Ad,45.45460500969204,144783,147855.85221032062,30,87
11980,2024-08-17 10:07:36.993807744,TH-NORTH,Original,f1 sponsorship,44.838671335836175,94777,107217.98440625213,9,68
11981,2024-10-09 02:54:55.285760016,EUROPE-EU,Original,extreme sports,31.722028356925545,150953,194553.73520215912,20,91
11982,2025-03-05 01:35:34.502447608,USA-WEST,Original,Social Media,44.052866195914206,270705,239061.40805032733,73,18
11983,2023-06-24 19:05:28.439841168,TH-CENTRAL,Sugarfree,Social Media,37.16373773475785,276696,233415.35589396264,22,21
11984,2023-01-10 06:52:34.221207539,TH-SOUTH,Original,extreme sports,37.65937744170711,176689,166685.24302881822,2,92
11985,2023-09-30 04:10:21.633258052,ASIA-PACIFIC,EnergyShot,TV Ad,30.669599448318877,154325,142522.06065139567,31,99
11986,2024-11-09 04:31:54.156876088,USA-EAST,Original,TV Ad,29.612030275142494,245443,213660.10188787637,19,86
11987,2023-11-17 09:45:14.811221612,ASIA-PACIFIC,EnergyShot,f1 sponsorship,42.5587861394753,211348,186665.272525546,73,23
11988,2023-06-18 11:59:07.379270606,TH-NORTH,Original,TV Ad,37.92922304710599,75858,86712.82284338657,28,64
11989,2024-08-23 13:41:37.820585336,USA-EAST,Sugarfree,Social Media,36.73701405230359,249991,214183.84272260003,51,67
11990,2025-05-06 07:21:04.506890688,USA-WEST,Sugarfree,f1 sponsorship,42.590164573047936,144436,135776.87787894203,45,40
11991,2024-12-31 06:26:10.172450304,TH-CENTRAL,Original,f1 sponsorship,43.3102579798222,72794,87797.13199423502,33,10
11992,2025-11-08 12:41:08.029332256,TH-NORTH,Sugarfree,extreme sports,31.17816335338707,107980,106359.47007929848,83,89
11993,2024-11-16 03:24:43.546978560,USA-EAST,Sugarfree,in-store promo,40.20450298955282,104517,103505.40604966847,60,52
11994,2025-11-12 16:43:15.846011872,TH-SOUTH,EnergyShot,f1 sponsorship,30.70708164555371,168164,153841.39492069202,71,72
11995,2025-12-08 19:53:46.070821824,ASIA-PACIFIC,Original,extreme sports,43.027501720580915,83347,96874.01813557511,70,75
11996,2023-09-19 12:47:21.226238264,TH-CENTRAL,Original,in-store promo,41.13910312534279,59321,74713.29748031523,69,61
11997,2025-12-25 19:40:09.074877216,TH-CENTRAL,Original,TV Ad,47.13229242166916,54421,74738.17012275214,10,64
11998,2023-08-18 20:58:26.505411708,TH-SOUTH,Original,TV Ad,29.379160327128425,180604,166655.23942781932,81,5
11999,2023-02-12 05:47:21.594436726,TH-CENTRAL,Sugarfree,in-store promo,29.141094423025088,225842,196951.85776987573,62,53
12000,2023-09-24 04:17:26.843428536,USA-EAST,Sugarfree,TV Ad,33.643741493864,118169,114306.60176766815,20,55
12001,2024-11-23 09:07:04.442861280,TH-CENTRAL,Original,TV Ad,33.23411367471812,45749,56930.14196280341,2,37
12002,2023-01-09 19:13:42.691865227,ASIA-PACIFIC,Original,TV Ad,32.939575981439994,65545,75444.97738740215,81,56
12003,2023-06-14 23:41:52.731792150,TH-EAST,Sugarfree,TV Ad,46.12509161042073,275742,232938.9120674114,87,59
12004,2024-12-26 19:24:18.114079952,ASIA-PACIFIC,EnergyShot,extreme sports,32.99092399699012,162476,148708.7319178906,9,93
12005,2025-03-08 04:41:46.716939904,ASIA-PACIFIC,Original,f1 sponsorship,33.43899452257262,145189,140714.56192303495,26,69
12006,2024-06-14 16:46:20.097242704,TH-CENTRAL,EnergyShot,extreme sports,43.187965248359276,52855,57609.83566201818,11,73
12007,2024-06-02 15:29:05.206865640,EUROPE-EU,Original,extreme sports,36.9947968490108,210620,195727.40446337982,6,59
12008,2023-07-31 02:15:26.965439176,EUROPE-EU,Sugarfree,TV Ad,43.534211139103625,145136,155613.61618641578,16,2
12009,2025-08-05 05:34:10.859014272,ASIA-PACIFIC,Sugarfree,extreme sports,29.307323151287704,88839,90416.18721730416,64,65
12010,2024-12-28 02:34:11.038418064,TH-EAST,Sugarfree,TV Ad,37.75142387346769,67566,72014.75203621143,63,60
12011,2023-07-13 07:47:03.955171482,USA-WEST,EnergyShot,Social Media,28.672272003665654,133409,126677.5727263997,25,51
12012,2023-08-18 21:06:07.279837520,USA-WEST,Original,TV Ad,29.25306406910709,250802,217432.39283900513,14,30
12013,2024-08-16 15:57:59.582091696,TH-CENTRAL,Sugarfree,TV Ad,46.12874906688822,261881,223058.9118402049,32,11
12014,2025-12-24 09:26:11.019643328,TH-NORTH,Sugarfree,TV Ad,30.784907422351903,190337,170569.27607912727,61,92
12015,2024-01-09 18:10:27.537204140,TH-EAST,Original,in-store promo,38.64841364550434,214494,195507.28544602855,46,76
12016,2023-09-14 10:22:18.964481856,TH-NORTH,EnergyShot,in-store promo,36.22191205201413,69124,73031.15748057407,34,39
12017,2023-02-15 03:01:02.283554962,EUROPE-EU,Sugarfree,in-store promo,34.94686652517685,180772,167625.21309357096,64,90
12018,2025-11-09 19:34:04.230170400,USA-WEST,Original,in-store promo,45.99666691374545,191536,183393.14069743635,71,77
12019,2025-02-06 15:52:14.740931240,EUROPE-EU,EnergyShot,Social Media,28.43646793550979,80961,90142.56858275845,75,72
12020,2025-10-11 09:48:06.013267696,TH-SOUTH,Sugarfree,f1 sponsorship,41.27579372351178,266085,226030.94658205178,82,63
12021,2025-08-30 18:22:24.840375680,TH-NORTH,EnergyShot,in-store promo,47.26788868427101,88055,88999.34750420395,24,64
12022,2023-07-07 04:13:21.954694612,TH-EAST,Sugarfree,in-store promo,39.203363669236836,115735,112695.47196929008,56,61
12023,2025-12-29 22:19:28.506779408,USA-EAST,EnergyShot,extreme sports,46.73644924066184,195496,174111.36940469174,31,54
12024,2024-12-26 15:17:41.173918192,USA-EAST,Sugarfree,in-store promo,29.045157585720474,200144,177670.01302614616,62,92
12025,2023-08-27 14:12:05.845797424,TH-CENTRAL,Sugarfree,extreme sports,36.37586638148323,216839,189876.94819747345,11,94
12026,2023-03-11 08:12:27.782383220,TH-NORTH,Sugarfree,extreme sports,33.203155819241026,68193,72402.34261364114,62,73
12027,2025-03-23 13:03:25.751357200,TH-CENTRAL,Sugarfree,extreme sports,42.61641929961459,257834,219892.88598571107,76,95
12028,2024-03-23 18:35:41.912827952,ASIA-PACIFIC,Original,extreme sports,47.62594180994493,154705,156569.42645665197,0,58
12029,2025-02-22 13:09:00.486525160,USA-WEST,EnergyShot,TV Ad,33.13060124888496,156177,144264.35882101365,50,85
12030,2023-01-17 21:13:30.864416069,TH-SOUTH,Original,TV Ad,41.08349202948149,283565,246219.5249027019,69,56
12031,2023-01-06 10:46:42.457674685,TH-SOUTH,Original,Social Media,31.961952655194803,222558,198075.65938820396,7,34
12032,2023-02-05 09:05:42.390967025,EUROPE-EU,Original,extreme sports,39.306605091432196,51378,73601.20532387498,67,31
12033,2024-11-11 03:59:54.565881336,TH-EAST,Original,TV Ad,37.27864973376673,223890,201307.83344524814,4,52
12034,2024-09-14 12:29:32.196124296,TH-CENTRAL,EnergyShot,TV Ad,47.44010659263074,64847,69049.7867945739,85,89
12035,2023-06-23 10:47:42.304970572,ASIA-PACIFIC,Original,Social Media,40.170545453929336,39062,55494.11250259697,38,76
12036,2023-02-03 18:01:35.522010990,USA-EAST,EnergyShot,TV Ad,34.99012744173638,138066,130725.17905397942,22,1
12037,2023-01-22 20:52:41.250825277,EUROPE-EU,EnergyShot,Social Media,30.281915697758667,286665,248715.63456384375,67,55
12038,2023-07-04 15:29:53.048965976,USA-EAST,EnergyShot,extreme sports,31.024936574698692,82430,84976.78723897252,51,22
12039,2024-01-18 23:03:01.862037164,TH-SOUTH,Sugarfree,f1 sponsorship,32.5063385990247,209226,184528.868705358,3,40
12040,2023-08-27 22:03:20.292188372,TH-NORTH,EnergyShot,in-store promo,33.01933322680596,81710,84679.21324122387,46,1
12041,2025-06-22 10:48:56.887783520,USA-WEST,EnergyShot,TV Ad,45.01232115682276,223891,194957.39499167723,20,65
12042,2023-06-18 00:32:33.280503048,EUROPE-EU,Original,f1 sponsorship,39.2244557656505,145081,151070.73364756524,55,63
12043,2025-06-04 08:04:14.212331888,TH-EAST,EnergyShot,TV Ad,38.46781822748733,210901,185994.34201787526,65,54
12044,2024-05-16 05:11:09.215853376,TH-SOUTH,EnergyShot,Social Media,30.29537743738435,88985,90574.63518284692,58,42
12045,2023-03-06 12:44:41.333036757,TH-EAST,Original,Social Media,45.2027938669887,214351,199125.6665041004,6,21
12046,2025-01-16 09:39:55.724121688,TH-EAST,Original,TV Ad,42.456286064169674,286848,249123.81192454134,48,79
12047,2023-07-13 12:05:18.347104360,TH-SOUTH,EnergyShot,TV Ad,29.353367238000033,207902,183130.10012519197,15,81
12048,2025-11-21 18:40:10.110921552,EUROPE-EU,Original,Social Media,42.15670194459537,48395,148695.99961457553,16,22
12049,2024-11-18 05:18:38.889178920,USA-WEST,EnergyShot,f1 sponsorship,38.87076434685292,278153,234634.79772385297,83,38
12050,2023-02-06 03:58:22.254275492,TH-NORTH,Original,extreme sports,29.634506914935564,42723,53170.36844637526,86,99
12051,2024-05-24 12:49:52.397919816,TH-CENTRAL,Original,in-store promo,37.16601283057313,215968,195984.70385716422,74,80
12052,2025-09-16 14:39:59.856884208,TH-EAST,Sugarfree,Social Media,37.69392574260094,268430,227749.30336276258,33,8
12053,2023-08-12 22:01:46.829003080,TH-SOUTH,EnergyShot,extreme sports,31.315490803265515,57446,62334.91672419149,32,62
12054,2025-11-09 16:06:15.079379216,USA-EAST,Original,in-store promo,46.913962940005646,134050,140012.83408315165,25,47
12055,2024-04-30 20:27:31.387947488,ASIA-PACIFIC,Sugarfree,Social Media,44.99950742961324,88964,90943.89078999977,65,17
12056,2025-03-14 21:47:04.337229408,USA-WEST,Original,f1 sponsorship,41.380446746582166,168714,163303.633117566,62,17
12057,2024-08-08 03:58:46.915952440,USA-EAST,Sugarfree,f1 sponsorship,37.24591122001215,202707,179908.5917207321,86,90
12058,2024-04-10 02:56:14.583676600,ASIA-PACIFIC,EnergyShot,in-store promo,36.23531083169017,112789,110524.636585751,40,13
12059,2025-07-25 02:12:57.145132944,USA-WEST,Sugarfree,in-store promo,41.01946934301908,151886,141996.33393562015,85,17
12060,2025-10-24 06:30:50.887270464,TH-CENTRAL,EnergyShot,TV Ad,38.90863738813811,107221,105867.8970553119,57,38
12061,2025-10-10 02:19:48.293449952,ASIA-PACIFIC,Sugarfree,extreme sports,29.24546211763771,129592,123878.23289102275,78,81
12062,2024-11-11 02:02:08.323266120,USA-EAST,EnergyShot,TV Ad,38.25005297540663,80162,81907.99133768471,9,78
12063,2024-10-28 12:06:52.665759232,EUROPE-EU,EnergyShot,in-store promo,44.128072344656786,187066,227111.88871712628,14,45
12064,2023-03-28 00:04:30.822306064,USA-EAST,Sugarfree,in-store promo,37.18479755193916,45748,52002.08211182729,41,6
12065,2025-10-01 00:32:11.421947184,EUROPE-EU,Original,f1 sponsorship,29.03913155108537,202750,226481.8372887577,56,35
12066,2025-06-10 04:07:25.894176320,USA-EAST,Sugarfree,Social Media,43.72556398768066,181147,164335.7756699477,86,14
12067,2023-12-12 19:14:57.948176828,EUROPE-EU,Original,TV Ad,32.02727564271949,10,116331.5688354035,16,72
12068,2025-11-13 13:27:03.203501728,USA-EAST,Sugarfree,in-store promo,33.172416697760774,222863,194611.42509206594,59,61
12069,2024-12-25 14:01:08.841252984,EUROPE-EU,Sugarfree,in-store promo,31.294127068645917,30082,151550.43037253286,8,15
12070,2025-04-03 07:45:51.788962216,ASIA-PACIFIC,Original,Social Media,34.60430129742995,156115,149821.7316215213,35,54
12071,2024-12-11 10:02:25.131617512,TH-SOUTH,Sugarfree,in-store promo,43.1350301137727,67243,72028.45658379329,72,27
12072,2025-09-30 08:06:55.904362944,TH-CENTRAL,EnergyShot,Social Media,38.387717190078746,133894,127903.20518908174,79,13
12073,2023-08-03 13:41:47.418561944,USA-WEST,Original,in-store promo,32.097625483014255,93124,98212.86917134732,35,31
12074,2025-11-10 01:13:21.440663104,TH-CENTRAL,Original,in-store promo,45.556601563040815,31955,53139.18111925593,47,35
12075,2025-10-10 03:46:42.701221712,USA-EAST,Sugarfree,Social Media,45.591637099030585,127436,122019.92615642265,50,60
12076,2024-06-16 13:24:04.096104408,ASIA-PACIFIC,EnergyShot,TV Ad,45.41156850092014,62467,67964.42588512095,69,6
12077,2023-12-21 17:50:31.254261356,ASIA-PACIFIC,Original,extreme sports,32.77592422763078,96069,101366.00754503705,73,69
12078,2023-02-06 07:18:50.276009551,EUROPE-EU,Sugarfree,TV Ad,37.02478688361976,55908,68503.3242366189,79,86
12079,2025-01-27 08:23:27.240214312,ASIA-PACIFIC,Sugarfree,TV Ad,47.6997931228175,65438,70188.32511127977,67,58
12080,2024-05-09 08:34:08.277156184,USA-EAST,Original,in-store promo,43.44024952619981,75449,89802.25888303766,21,49
12081,2024-03-25 03:24:22.290365632,TH-NORTH,Sugarfree,extreme sports,28.543348424511198,300018,249969.84889728006,76,23
12082,2025-01-05 13:14:01.254375992,USA-EAST,EnergyShot,extreme sports,29.30409182520984,44897,50436.828571449754,79,89
12083,2023-02-20 16:02:57.463557763,USA-WEST,Original,Social Media,37.27862753624666,191716,177734.52722408104,5,34
12084,2025-03-21 07:56:59.980729032,ASIA-PACIFIC,Original,TV Ad,46.1844041172312,59170,78248.73960531146,25,26
12085,2023-07-19 20:10:42.329710850,TH-SOUTH,Original,Social Media,38.77403595905429,268062,234125.62734215517,74,47
12086,2025-06-26 01:04:07.140190448,USA-EAST,EnergyShot,in-store promo,37.956250160685805,63355,68726.57866672585,87,5
12087,2025-05-09 16:28:59.624209152,USA-WEST,Original,Social Media,30.10947399913261,283824,241012.6374252473,2,90
12088,2023-09-13 00:38:31.045873016,TH-CENTRAL,Original,extreme sports,41.13560209448588,180791,172185.27749669558,51,20
12089,2023-04-11 10:21:33.440484305,TH-SOUTH,EnergyShot,in-store promo,44.44206321200451,43352,50253.61538309805,73,6
12090,2024-07-22 23:16:07.298126968,ASIA-PACIFIC,EnergyShot,in-store promo,35.60840015015125,270629,228801.4395833612,59,70
12091,2024-08-28 18:11:20.927003232,ASIA-PACIFIC,EnergyShot,Social Media,43.51223701850655,168869,154342.36027338367,62,59
12092,2023-02-07 07:02:51.144292105,TH-NORTH,Original,in-store promo,47.289533078016234,86317,102533.94706609691,64,64
12093,2025-02-26 12:11:03.669638824,TH-NORTH,EnergyShot,in-store promo,32.07532918255378,234542,203455.83550312603,51,18
12094,2025-06-24 18:47:39.494435936,TH-CENTRAL,Sugarfree,in-store promo,38.466592623894826,278804,235333.110777374,75,4
12095,2024-04-04 02:54:31.058885784,TH-SOUTH,Original,TV Ad,33.74275916169151,152914,146738.1646293588,13,17
12096,2023-11-26 02:06:14.338233864,USA-EAST,Sugarfree,TV Ad,43.857088380676785,115713,113110.69488862218,71,14
12097,2024-12-06 10:31:58.362462568,TH-EAST,Sugarfree,TV Ad,39.55186731762315,240769,207789.02478698536,67,78
12098,2023-06-11 21:10:50.663053140,USA-EAST,Sugarfree,in-store promo,40.69164835100607,211372,186357.09955769093,27,13
12099,2023-11-10 13:39:40.407290364,USA-WEST,EnergyShot,Social Media,43.95828319231788,267955,227750.49675005447,70,7
12100,2024-07-02 10:25:28.435847968,ASIA-PACIFIC,EnergyShot,f1 sponsorship,35.919409453249095,214716,188502.8025522386,9,44
12101,2024-06-04 03:40:19.063969240,TH-EAST,Original,extreme sports,46.301801368140865,82743,98705.66777990726,56,15
12102,2024-07-19 19:23:34.930048664,ASIA-PACIFIC,EnergyShot,Social Media,38.6605773449228,280444,236331.8499518038,65,19
12103,2023-09-19 02:38:52.422761196,TH-SOUTH,Original,Social Media,31.159096456706962,61807,70967.14944119827,49,63
12104,2023-03-29 23:57:37.035025094,EUROPE-EU,Sugarfree,f1 sponsorship,41.91798236337605,104565,103588.55002136958,13,35
12105,2024-08-01 03:32:03.029866360,TH-SOUTH,EnergyShot,TV Ad,43.86522700876509,169251,154038.9215447771,15,81
12106,2023-11-17 10:16:10.682400752,EUROPE-EU,Sugarfree,extreme sports,34.33523354135053,82456,163148.4052141803,53,35
12107,2025-04-03 01:15:09.520860912,USA-WEST,EnergyShot,f1 sponsorship,45.14358513997506,46900,53062.117325381085,42,19
12108,2023-04-30 02:43:59.929820088,USA-WEST,Sugarfree,Social Media,46.122865095315326,238030,206114.545164188,41,20
12109,2025-01-13 12:30:33.049041200,USA-EAST,Original,f1 sponsorship,33.53808974755618,121433,122321.4636850779,80,35
12110,2023-08-08 22:36:27.863792288,USA-EAST,Sugarfree,Social Media,47.67042945430444,139017,131283.70820042756,21,32
12111,2025-08-16 16:27:13.523497792,ASIA-PACIFIC,Original,TV Ad,30.81423056097517,241804,211873.90888738915,67,48
12112,2025-01-05 17:03:29.551495992,USA-EAST,Sugarfree,extreme sports,32.0403133680498,132466,125856.67834550892,18,44
12113,2023-03-01 13:15:04.358179784,TH-SOUTH,EnergyShot,f1 sponsorship,31.684496784760523,53425,59444.975298950965,65,24
12114,2023-03-21 11:16:11.375739452,USA-EAST,EnergyShot,in-store promo,45.879794200157406,83714,85287.95409407007,38,61
12115,2025-07-17 17:11:09.206752288,EUROPE-EU,EnergyShot,Social Media,41.085851046499236,268415,241180.63447763646,72,17
12116,2025-04-02 09:36:47.675044320,TH-CENTRAL,EnergyShot,Social Media,31.04208566444546,59677,64081.07248050283,18,71
12117,2024-06-07 09:45:51.459407440,USA-EAST,Sugarfree,extreme sports,36.80646836736698,126421,120986.24019360324,15,50
12118,2023-01-13 04:17:28.961923089,TH-NORTH,Original,TV Ad,40.305960501396044,153107,150635.8334102689,53,65
12119,2024-03-30 19:29:47.607254624,EUROPE-EU,Original,extreme sports,29.669281699787668,157408,148656.165467712,24,99
12120,2023-09-05 00:05:03.075121164,USA-EAST,Sugarfree,f1 sponsorship,45.648327368146774,44812,50791.98860242855,17,32
12121,2023-01-11 01:32:23.667343843,TH-EAST,Original,f1 sponsorship,44.07207070883071,149642,150232.54629149806,22,36
12122,2024-05-23 10:41:37.295560696,EUROPE-EU,Original,Social Media,38.104135471532764,120103,126754.49159548184,84,13
12123,2024-04-12 20:30:44.449282640,TH-CENTRAL,EnergyShot,in-store promo,47.34253230518341,293571,244415.86709491143,10,70
12124,2023-05-11 07:10:01.382320292,USA-EAST,Sugarfree,Social Media,36.35521958550199,79196,81831.81679876597,38,58
12125,2024-05-22 12:21:46.969421128,TH-NORTH,Sugarfree,extreme sports,47.68220638072995,125193,120830.839351899,67,14
12126,2024-06-08 07:27:38.329746688,EUROPE-EU,EnergyShot,in-store promo,41.35839997607254,135542,133896.29701796395,24,37
12127,2025-01-30 01:16:21.161309216,ASIA-PACIFIC,Original,Social Media,40.69342546507883,123684,128138.70742018976,62,79
12128,2023-06-07 01:43:49.560002322,TH-CENTRAL,Sugarfree,TV Ad,31.3190979059157,207431,183166.1655303725,29,68
12129,2023-01-03 05:11:43.262776458,ASIA-PACIFIC,Original,extreme sports,45.63855516609288,76727,93102.57150955376,44,40
12130,2023-05-15 06:46:15.140159752,TH-NORTH,Original,f1 sponsorship,36.54979375841231,85309,94214.31056279838,60,59
12131,2025-11-21 07:18:36.770175904,TH-EAST,Sugarfree,Social Media,31.24466811564959,224547,195842.18970017062,50,80
12132,2024-02-12 07:17:01.448045552,ASIA-PACIFIC,Original,in-store promo,28.25215039951518,160218,150058.10373563593,8,92
12133,2023-01-08 16:07:08.885057086,TH-CENTRAL,Sugarfree,Social Media,39.19511367276765,140496,133031.1352114621,75,16
12134,2023-07-23 11:41:05.506813310,TH-CENTRAL,Original,f1 sponsorship,38.54799244245353,72285,83840.61033545036,1,62
12135,2023-12-13 16:51:27.151234160,USA-EAST,Sugarfree,TV Ad,42.387072447383176,85626,87505.44458243332,4,4
12136,2023-11-11 03:27:57.854513244,EUROPE-EU,Original,TV Ad,45.80516106035604,10,52110.327363180106,61,45
12137,2025-05-13 19:10:53.053539584,TH-SOUTH,Original,TV Ad,29.58813169286059,59395,68285.25377234185,68,90
12138,2024-10-27 18:12:15.539868152,ASIA-PACIFIC,Original,in-store promo,42.62992980680725,165356,161367.7389380482,51,28
12139,2023-06-27 16:05:09.429820902,USA-EAST,Original,extreme sports,31.748238881951643,264503,228374.62600168196,85,96
12140,2023-04-07 20:58:48.913433356,TH-NORTH,Sugarfree,f1 sponsorship,45.16354106314328,109759,107432.95302611149,4,66
12141,2025-09-26 16:42:43.149983184,ASIA-PACIFIC,Sugarfree,in-store promo,44.38127027723312,118929,115549.44517922563,58,31
12142,2024-04-21 19:29:19.941156592,TH-EAST,EnergyShot,TV Ad,38.81587509971089,68212,73121.12212230245,67,3
12143,2025-08-21 01:56:53.965820640,EUROPE-EU,Original,TV Ad,42.204855972466234,87277,127726.18912142055,8,8
12144,2023-07-23 01:16:44.548655334,TH-SOUTH,Original,in-store promo,34.287002263674964,45568,57444.34091386583,21,24
12145,2024-05-27 10:14:28.453031312,TH-NORTH,Sugarfree,TV Ad,37.42335797865629,276721,233520.13925238003,26,15
12146,2024-09-05 11:19:22.034594384,TH-SOUTH,Original,extreme sports,44.43273795420943,195233,184622.26962490572,9,43
12147,2025-04-01 21:34:57.652335512,TH-NORTH,Original,extreme sports,37.18530394346428,289198,248149.76187864377,79,31
12148,2024-10-20 23:39:03.610378464,TH-EAST,Original,TV Ad,35.15596530650883,259974,226564.63253569874,60,73
12149,2025-09-10 06:10:21.931009632,USA-EAST,EnergyShot,TV Ad,37.884248945006,156163,144598.11873963053,50,45
12150,2024-01-27 14:42:21.704520640,USA-WEST,Original,TV Ad,44.56498504874437,154142,153937.00623007538,9,66
12151,2024-12-19 23:44:43.672608808,TH-SOUTH,Sugarfree,f1 sponsorship,34.704160947417456,86160,88115.20930343877,5,8
12152,2023-01-22 13:55:57.935929801,EUROPE-EU,Sugarfree,Social Media,31.475231862714875,141133,142407.86856791112,61,71
12153,2023-07-17 20:59:41.357557246,EUROPE-EU,Sugarfree,Social Media,42.24028040661561,254185,230605.57469856233,4,57
12154,2024-05-25 22:59:27.773207328,TH-NORTH,Sugarfree,Social Media,44.51956425416164,54626,60170.684727164225,69,80
12155,2023-01-20 06:36:06.619029778,TH-NORTH,Original,f1 sponsorship,30.012749570470667,257358,222711.36059966194,62,99
12156,2023-09-26 00:00:16.376447104,EUROPE-EU,Original,in-store promo,32.797482255118894,59950,118189.56032852194,55,30
12157,2024-10-02 08:38:44.836074336,TH-CENTRAL,Original,TV Ad,30.839439795219878,267150,229902.55301926198,58,74
12158,2025-11-12 14:10:55.143922384,TH-SOUTH,Sugarfree,f1 sponsorship,34.95882823164333,283151,238175.98126829692,62,18
12159,2023-06-20 07:53:07.163625610,EUROPE-EU,Original,Social Media,37.007019578108256,190122,184172.97740038118,58,69
12160,2024-02-19 12:36:02.354708024,TH-NORTH,Sugarfree,TV Ad,42.97652673926613,206900,182884.7573185356,50,93
12161,2023-08-01 09:43:23.698567272,ASIA-PACIFIC,Original,Social Media,41.02295169763348,139481,140550.867541748,49,39
12162,2025-08-23 01:40:57.275750112,USA-EAST,EnergyShot,in-store promo,40.41857134956862,254941,217108.0449087415,3,60
12163,2024-01-04 19:00:10.438909864,TH-EAST,Sugarfree,in-store promo,35.047498932193086,290071,242322.55168665663,47,98
12164,2025-10-22 09:36:43.349492848,TH-CENTRAL,Original,Social Media,44.8289510616952,222526,205016.36006782384,31,43
12165,2024-03-03 02:33:31.077138240,TH-SOUTH,EnergyShot,in-store promo,37.42574334796329,195221,174387.34675134183,50,45
12166,2024-03-29 12:24:36.886078272,ASIA-PACIFIC,Original,in-store promo,47.58209876030309,173970,171358.57916426734,51,23
12167,2025-08-02 12:47:23.005084336,TH-NORTH,Sugarfree,TV Ad,40.682842765914735,257508,219893.98031673246,73,69
12168,2023-07-20 11:37:56.574065430,ASIA-PACIFIC,EnergyShot,TV Ad,30.525294831290054,174684,158240.75315425967,33,94
12169,2025-03-14 01:37:26.738187592,TH-NORTH,Sugarfree,Social Media,41.523551241508684,244558,210771.97724976452,35,6
12170,2024-02-19 21:53:03.895724076,TH-SOUTH,Sugarfree,f1 sponsorship,34.50208030863398,165042,151777.05103484914,69,56
12171,2025-04-03 11:24:38.109182456,USA-EAST,Sugarfree,TV Ad,41.72654393372195,56947,62488.85499478482,42,4
12172,2025-01-19 01:35:11.429773096,USA-EAST,EnergyShot,in-store promo,29.392822963248115,134584,126789.40178083105,15,93
12173,2023-04-24 06:47:01.353328816,TH-EAST,Original,f1 sponsorship,31.497628743519186,143572,138888.19153429975,58,23
12174,2023-04-11 13:02:59.154532318,TH-CENTRAL,Sugarfree,TV Ad,45.114745178115726,74248,78323.44899732344,52,6
12175,2024-10-26 08:53:32.675793352,TH-EAST,Original,f1 sponsorship,32.5435911404703,60932,70499.26583784257,18,32
12176,2023-05-19 01:18:19.680222456,TH-CENTRAL,EnergyShot,extreme sports,44.7408225048588,172146,157092.98993139082,40,18
12177,2023-11-13 23:54:30.414975356,TH-NORTH,Sugarfree,Social Media,33.58552176908821,61386,67028.72731121643,80,15
12178,2024-05-09 00:31:58.716086952,TH-EAST,Sugarfree,in-store promo,40.857638201174154,113021,110589.0335780168,46,40
12179,2025-10-24 23:43:59.040669088,TH-NORTH,Original,TV Ad,41.88301147019662,216477,198919.3951926152,53,96
12180,2023-11-14 09:11:55.303672212,TH-CENTRAL,Sugarfree,in-store promo,38.25309506290106,290512,242886.43591359616,54,73
12181,2023-08-02 03:46:09.357553752,ASIA-PACIFIC,Sugarfree,TV Ad,34.10621353393463,221642,193574.11611038572,18,74
12182,2023-11-28 08:35:33.097184744,USA-WEST,EnergyShot,in-store promo,32.25288752742192,299016,248525.10969057406,61,84
12183,2023-11-19 16:50:10.669490448,TH-EAST,Original,extreme sports,28.663787091248523,212256,189667.59425588054,58,6
12184,2024-03-15 16:03:28.955729104,USA-WEST,Sugarfree,TV Ad,34.07892802481447,110882,108758.8941308655,64,63
12185,2023-06-20 20:39:35.013770482,TH-CENTRAL,EnergyShot,Social Media,41.06325581062566,208974,184410.50810107237,67,67
12186,2023-05-02 17:35:56.816403018,TH-NORTH,Original,Social Media,46.766096368969656,200647,190431.35303938077,27,11
12187,2025-07-27 16:58:25.417945120,TH-NORTH,EnergyShot,f1 sponsorship,45.42408964526104,130644,124345.39692329212,17,43
12188,2024-11-06 08:23:52.244091040,TH-SOUTH,EnergyShot,f1 sponsorship,43.32129553070605,47474,53542.7701218778,25,17
12189,2025-04-16 01:51:52.200829872,TH-CENTRAL,Sugarfree,in-store promo,43.76894686506597,217956,190639.95695509738,18,96
12190,2025-04-15 02:45:24.235021088,TH-NORTH,Sugarfree,in-store promo,41.299698069519906,47896,54340.01905510832,54,4
12191,2024-07-12 03:14:34.934286648,TH-EAST,Original,Social Media,33.20573715132006,191772,176237.61561201423,56,63
12192,2023-08-29 23:27:05.274130632,TH-SOUTH,Sugarfree,f1 sponsorship,46.143900614116596,80458,82723.29774851102,5,68
12193,2023-07-09 06:10:39.621532928,USA-EAST,EnergyShot,TV Ad,41.41464623811668,181564,163120.70554960868,0,81
12194,2025-11-27 08:50:04.008142176,TH-NORTH,EnergyShot,extreme sports,39.2088126196088,164357,150782.60507612,7,41
12195,2024-12-15 04:22:39.263295960,ASIA-PACIFIC,EnergyShot,f1 sponsorship,30.21978938426962,47198,52702.72846123651,50,83
12196,2024-03-11 01:46:10.576966584,USA-WEST,Sugarfree,Social Media,36.941110876128505,127088,122573.16339902069,84,5
12197,2023-05-02 12:46:53.219197546,TH-SOUTH,Original,TV Ad,37.20716542403852,180890,170218.23347926055,87,32
12198,2024-03-29 12:29:18.243157960,ASIA-PACIFIC,EnergyShot,extreme sports,45.2912721904534,258531,219721.31037975595,24,86
12199,2023-03-16 17:49:38.249014279,EUROPE-EU,Original,in-store promo,38.93296440375577,258110,227728.42276730345,46,70
12200,2023-07-18 10:18:33.631121204,EUROPE-EU,Original,in-store promo,35.60801097940819,132070,146769.99400664464,54,35
12201,2024-07-05 08:32:30.406239216,TH-SOUTH,Original,extreme sports,47.53600657021319,206848,195684.49745988764,63,22
12202,2025-12-20 13:03:52.921647728,TH-CENTRAL,Original,extreme sports,30.214411866526312,111850,113290.91530669153,82,65
12203,2024-05-20 19:54:15.223790624,EUROPE-EU,EnergyShot,extreme sports,36.45096856623889,120626,118437.28115173148,9,84
12204,2024-09-09 13:25:14.281697104,USA-WEST,Original,Social Media,28.840493503428107,83447,88892.70383646275,55,22
12205,2023-09-03 04:43:24.761870412,USA-WEST,Original,in-store promo,42.798082415338605,166860,162389.62199864787,11,11
12206,2023-11-23 06:39:31.904586076,USA-WEST,Sugarfree,f1 sponsorship,46.361531043983014,116285,112912.83018547305,32,77
12207,2024-01-04 06:14:08.270503064,TH-SOUTH,Sugarfree,extreme sports,33.60074659100979,61231,66874.179287701,70,3
12208,2023-05-10 20:59:44.729715498,EUROPE-EU,Sugarfree,f1 sponsorship,45.16683353598242,210419,187001.21733263574,16,9
12209,2024-07-19 12:29:46.735321992,TH-SOUTH,Original,f1 sponsorship,33.84436460923796,212114,191550.64152107964,60,60
12210,2023-10-23 01:11:55.409532780,USA-EAST,EnergyShot,Social Media,46.2154032328783,128469,121998.48375581157,9,76
12211,2025-12-30 23:35:52.527118224,TH-CENTRAL,EnergyShot,extreme sports,43.07923807193568,61274,65344.67989120456,30,87
12212,2025-09-17 16:25:51.395155584,ASIA-PACIFIC,Sugarfree,Social Media,44.09813553682877,143332,135259.54348068518,59,14
12213,2023-08-17 00:45:31.257401620,USA-EAST,EnergyShot,Social Media,28.36013111200909,148880,138467.09161004308,69,97
12214,2025-06-29 16:49:08.637317392,TH-CENTRAL,Original,in-store promo,47.256207141480516,191266,183734.1769795786,16,18
12215,2025-02-21 03:23:49.486740368,TH-NORTH,EnergyShot,extreme sports,42.53341984140646,116739,113083.27825173669,49,73
12216,2024-03-24 06:38:13.570537888,USA-EAST,Sugarfree,f1 sponsorship,34.09502190772267,211606,186519.85595626108,36,23
12217,2023-06-11 09:26:46.126924936,ASIA-PACIFIC,Sugarfree,f1 sponsorship,44.58789329717694,263756,224297.70835147766,81,74
12218,2023-08-29 11:12:24.688636656,TH-EAST,Original,TV Ad,33.6304239682986,91044,97497.20847243996,61,83
12219,2023-12-05 11:23:23.700402716,ASIA-PACIFIC,EnergyShot,in-store promo,45.455076791322554,294444,245783.91122397996,79,47
12220,2024-08-02 07:13:46.529935960,ASIA-PACIFIC,Sugarfree,in-store promo,30.25160780823874,133864,127273.6274273614,71,69
12221,2024-08-09 11:52:46.340135528,USA-WEST,Original,extreme sports,42.073719549215916,91953,103451.73702941235,87,47
12222,2025-12-30 02:18:04.716922704,TH-SOUTH,EnergyShot,Social Media,38.813969532898206,143156,134302.2365020581,76,87
12223,2025-07-06 08:42:42.456618864,TH-CENTRAL,Sugarfree,Social Media,29.930689403908815,64190,68879.49518077183,28,30
12224,2025-01-08 13:36:47.922267072,TH-EAST,EnergyShot,Social Media,32.83787656517678,71167,75141.18130242312,31,25
12225,2025-09-27 13:04:16.502315392,TH-SOUTH,Original,in-store promo,28.248080725546295,137214,132886.80939366628,87,28
12226,2025-10-10 19:07:12.858178832,EUROPE-EU,Original,in-store promo,37.37535930929012,157824,202488.90438782002,79,98
12227,2025-02-02 02:05:32.661443912,ASIA-PACIFIC,Original,f1 sponsorship,34.02530521520001,266192,230062.4479148982,10,25
12228,2023-03-31 12:37:10.160384881,USA-EAST,EnergyShot,Social Media,39.96714968595518,207871,182963.59814325417,5,74
12229,2024-02-07 17:25:45.836249392,TH-EAST,EnergyShot,TV Ad,33.944756154172346,67311,71043.91104763394,34,78
12230,2025-05-14 13:49:52.664889024,TH-EAST,EnergyShot,extreme sports,33.9983822301397,209079,184403.952436107,32,58
12231,2025-12-09 22:17:10.360664000,TH-SOUTH,Sugarfree,TV Ad,42.86386397463207,199397,177085.5841405944,17,94
12232,2024-11-11 00:54:32.496201008,USA-WEST,EnergyShot,extreme sports,28.962856719567068,245627,211152.78365866625,36,41
12233,2023-10-17 20:45:30.628702404,EUROPE-EU,Original,f1 sponsorship,46.05789990383974,163456,215049.73333043617,12,25
12234,2024-06-28 06:33:05.353161920,TH-NORTH,Sugarfree,in-store promo,45.045277487823626,263044,223640.6151557958,73,78
12235,2025-06-26 10:53:16.374900208,ASIA-PACIFIC,Sugarfree,Social Media,41.35609366452813,140956,132826.3029158197,80,99
12236,2025-06-26 12:32:50.382393968,TH-EAST,Original,extreme sports,39.86443140214769,205225,189572.87907042887,63,48
12237,2025-05-11 04:14:11.337661376,USA-WEST,Sugarfree,TV Ad,45.846049962793046,105488,103650.07178446214,0,98
12238,2025-02-03 06:27:18.724351528,TH-NORTH,EnergyShot,f1 sponsorship,31.70660359057429,299702,249867.25599670084,62,10
12239,2023-06-01 16:40:05.471393404,USA-WEST,EnergyShot,TV Ad,29.579383243816572,83665,85066.84827537199,33,99
12240,2025-07-01 20:15:42.351367328,TH-CENTRAL,EnergyShot,Social Media,32.79020339819076,46820,52022.88633216716,9,75
12241,2024-12-11 08:53:02.293974120,TH-CENTRAL,Original,Social Media,43.891565574003806,62454,79761.7429036352,83,11
12242,2024-01-04 03:40:45.144850248,TH-SOUTH,EnergyShot,f1 sponsorship,28.693405334529665,238252,205174.45790882534,6,85
12243,2024-08-21 04:40:47.674239472,ASIA-PACIFIC,EnergyShot,Social Media,39.656136701669794,148737,139356.7353016423,55,21
12244,2025-03-28 17:14:51.403083208,TH-CENTRAL,EnergyShot,extreme sports,47.9087503238262,149920,139500.04956208565,79,86
12245,2025-01-12 18:44:34.324817088,TH-NORTH,EnergyShot,in-store promo,45.11392187675079,288040,241004.5839223337,36,45
12246,2025-09-10 09:40:14.966515984,TH-NORTH,Sugarfree,TV Ad,38.42891378087179,277289,233926.98160561486,28,7
12247,2025-06-14 12:49:27.500735232,TH-NORTH,Sugarfree,extreme sports,29.272818185732845,115748,112238.94756080184,11,81
12248,2023-04-17 11:53:18.905928330,USA-EAST,Original,extreme sports,44.627470287714196,76698,91811.62575617323,16,64
12249,2025-08-10 06:00:45.500131264,EUROPE-EU,Sugarfree,extreme sports,39.97957016354421,227905,219696.44198674793,47,64
12250,2025-07-23 07:55:37.360731584,USA-WEST,EnergyShot,in-store promo,30.298659941191335,272772,231203.81420887265,83,2
12251,2025-10-16 18:41:08.931172752,USA-WEST,Original,Social Media,29.877145696467124,169949,158319.38455969738,25,76
12252,2025-03-09 17:15:20.689074784,ASIA-PACIFIC,Original,f1 sponsorship,46.19253638873185,180954,175884.7422234201,82,42
12253,2025-02-23 13:30:22.567944408,EUROPE-EU,Sugarfree,TV Ad,41.38400525876157,98499,101382.85693845867,11,82
12254,2025-01-06 10:48:02.257225504,USA-WEST,EnergyShot,TV Ad,44.58573598633511,244715,210160.53759570493,20,54
12255,2023-03-31 05:31:51.715940915,TH-SOUTH,EnergyShot,f1 sponsorship,45.579578005645345,198694,176424.48568980463,41,75
12256,2023-01-19 03:14:51.318851919,ASIA-PACIFIC,EnergyShot,extreme sports,39.435447040966444,163364,150702.70225959932,60,16
12257,2023-01-18 16:29:42.339197239,USA-EAST,EnergyShot,extreme sports,38.34892703510083,56430,62021.71121567916,57,18
12258,2024-01-08 17:19:24.034100504,TH-EAST,Original,TV Ad,36.608548206419805,268513,233186.99250223074,53,99
12259,2025-03-31 14:55:44.374811080,TH-EAST,Sugarfree,Social Media,34.33893175582239,193658,173090.2840768812,33,59
12260,2024-08-22 04:53:51.869212152,EUROPE-EU,Sugarfree,f1 sponsorship,36.69191921717423,51129,88538.21893859359,6,90
12261,2025-09-25 09:56:54.296682208,TH-EAST,Original,TV Ad,43.477593114603124,177792,171277.22339661056,34,16
12262,2024-06-24 11:11:43.228757408,USA-WEST,Original,extreme sports,40.03846862030263,200026,185492.67084799468,14,6
12263,2025-07-24 22:30:31.155703216,USA-EAST,Sugarfree,in-store promo,45.85046579909692,169827,155154.0673366451,64,57
12264,2025-07-28 00:52:16.170922192,TH-CENTRAL,EnergyShot,TV Ad,36.867600287583755,221539,193620.3475912045,24,47
12265,2025-04-06 08:40:04.786211336,ASIA-PACIFIC,Original,in-store promo,40.14179157437508,173840,166290.78958572485,58,48
12266,2025-02-23 18:21:15.290434056,USA-WEST,EnergyShot,extreme sports,40.62615106183978,285430,239553.91640642963,78,42
12267,2025-10-11 12:49:13.806693776,USA-WEST,EnergyShot,in-store promo,39.83394324612651,55444,60739.41571986137,85,76
12268,2024-11-13 06:13:16.861970880,USA-EAST,Sugarfree,in-store promo,42.05267546171032,67625,71249.1416939121,5,60
12269,2025-09-06 20:43:10.237782560,TH-NORTH,Sugarfree,TV Ad,32.74866936749613,82464,84734.32739086797,51,77
12270,2023-09-15 12:20:44.916025768,TH-EAST,Original,in-store promo,38.247275550915816,204274,188034.21412086644,78,4
12271,2024-03-22 02:34:50.390488904,EUROPE-EU,EnergyShot,in-store promo,30.084496056166955,200168,179119.17454996175,87,2
12272,2023-07-02 03:42:45.123237218,USA-EAST,EnergyShot,extreme sports,35.69022655289625,270901,228411.77204193882,20,90
12273,2024-12-08 19:16:20.693870456,USA-WEST,Original,extreme sports,37.75334137242529,216323,196575.49057677967,70,59
12274,2023-03-11 02:45:02.008195640,TH-EAST,Sugarfree,Social Media,41.04448519090945,164977,151671.09751291847,31,27
12275,2025-10-06 15:39:36.241343680,ASIA-PACIFIC,Original,TV Ad,47.01062105172407,281451,248366.35849272605,52,27
12276,2025-05-19 06:48:41.719485056,TH-SOUTH,EnergyShot,extreme sports,40.01302133096712,104757,103221.59123385983,58,79
12277,2025-08-15 16:32:12.366860448,TH-CENTRAL,Sugarfree,extreme sports,42.87187832353119,253054,216638.3319570908,68,72
12278,2024-12-09 09:00:55.347448304,TH-EAST,Sugarfree,f1 sponsorship,38.12532118990406,143480,135358.07443878386,61,7
12279,2024-04-09 16:29:25.191412592,TH-NORTH,Original,extreme sports,40.68208062752663,191889,179747.02777514682,3,63
12280,2023-08-05 21:32:52.553001268,TH-SOUTH,EnergyShot,f1 sponsorship,29.41864432267547,223442,195453.6940904868,85,46
12281,2024-05-05 06:30:43.828869672,TH-CENTRAL,EnergyShot,in-store promo,33.08783161683694,199053,176750.8174380673,17,63
12282,2023-06-12 16:37:01.345647648,EUROPE-EU,EnergyShot,f1 sponsorship,35.23706186410277,65991,78101.46062171865,80,12
12283,2024-06-04 08:40:35.315579904,TH-SOUTH,Sugarfree,Social Media,37.44986710013027,147676,138590.20214958655,55,13
12284,2024-08-16 03:15:32.894495552,ASIA-PACIFIC,EnergyShot,Social Media,28.912974910047673,179327,162287.6755866249,23,43
12285,2023-09-03 01:33:00.183300888,EUROPE-EU,EnergyShot,Social Media,30.800481951066352,214512,219808.75183571936,65,17
12286,2023-05-11 11:35:13.674684696,USA-EAST,EnergyShot,f1 sponsorship,33.53628615582612,149309,138729.14975971446,12,63
12287,2024-03-22 17:50:27.389859808,TH-NORTH,EnergyShot,f1 sponsorship,47.430653818021014,277905,233749.4609608503,61,81
12288,2025-10-28 21:24:08.982510000,EUROPE-EU,Original,in-store promo,34.62694014206102,60258,138074.84460504213,53,36
12289,2025-09-08 00:08:05.416415936,USA-WEST,Sugarfree,TV Ad,37.64082116224165,176347,159755.97185260232,14,85
12290,2025-09-17 01:35:44.832544000,USA-EAST,Sugarfree,extreme sports,31.921954254767858,242404,209257.1365885602,68,8
12291,2024-07-03 14:49:42.447909632,USA-WEST,EnergyShot,TV Ad,40.215601421515366,185843,166613.53688442873,2,69
12292,2023-08-09 09:27:09.604868112,TH-SOUTH,Sugarfree,in-store promo,33.613664310319486,289740,242043.61447656492,36,90
12293,2025-12-09 15:36:16.832681968,TH-NORTH,Original,in-store promo,32.139851568768535,200489,182067.16610282552,36,80
12294,2025-03-22 10:41:34.452909144,TH-SOUTH,Original,extreme sports,38.33145256891958,160143,154541.8908135202,2,36
12295,2023-05-17 05:00:14.182404766,USA-WEST,EnergyShot,TV Ad,28.110115983208416,48444,54718.39355615917,62,28
12296,2025-10-10 21:44:13.948461824,ASIA-PACIFIC,Sugarfree,in-store promo,28.153280652984506,141453,132746.57951606595,34,93
12297,2023-02-14 00:00:22.662532536,USA-WEST,Sugarfree,extreme sports,32.38137618203716,112157,109849.68385203209,51,47
12298,2024-08-18 07:48:49.432533912,USA-EAST,Original,extreme sports,28.734427250016424,225800,199621.13357749785,86,76
12299,2025-02-15 05:39:29.074450088,TH-CENTRAL,Sugarfree,TV Ad,30.160515082613827,90371,91655.53503070916,27,30
12300,2023-01-23 19:53:16.736755649,USA-WEST,Original,f1 sponsorship,34.777212986775034,83119,91044.01745881437,17,23
12301,2023-11-25 22:34:48.747174940,USA-WEST,Original,TV Ad,44.051713591596254,72239,87903.80864747535,35,16
12302,2023-10-20 07:41:31.445713112,TH-NORTH,Original,TV Ad,39.440972867386016,61382,75123.12263124718,32,14
12303,2025-02-17 08:48:15.024025944,USA-WEST,EnergyShot,extreme sports,38.25335451912833,115386,112201.40073417747,63,74
12304,2025-10-06 01:01:21.762988432,TH-CENTRAL,Original,f1 sponsorship,33.869776464162435,261996,227184.42288868502,25,71
12305,2023-02-20 21:42:36.540950015,EUROPE-EU,Sugarfree,TV Ad,46.63507438865633,232168,204985.694461191,47,52
12306,2025-12-08 05:29:14.442820160,TH-EAST,Sugarfree,Social Media,35.94030082474383,225889,197050.2432613587,39,37
12307,2023-09-09 12:53:23.890960900,TH-CENTRAL,Sugarfree,in-store promo,29.74185533591543,243362,209467.36112999253,16,29
12308,2023-06-13 05:39:07.507436602,TH-EAST,Sugarfree,f1 sponsorship,40.34133032235603,105145,103883.57786591433,39,67
12309,2023-12-15 09:44:50.395503072,TH-NORTH,EnergyShot,TV Ad,30.27676786953203,268434,227488.33815049756,6,15
12310,2024-06-13 11:54:34.899370072,TH-CENTRAL,Sugarfree,f1 sponsorship,34.904462856033845,73635,77460.67502832088,56,47
12311,2024-02-07 10:49:14.585450140,ASIA-PACIFIC,Original,f1 sponsorship,38.14823877435617,112649,117269.14534311638,7,46
12312,2023-09-07 16:34:22.940446388,USA-WEST,EnergyShot,TV Ad,45.48445049370352,186004,167349.62379346858,55,52
12313,2023-09-10 23:04:57.692379976,EUROPE-EU,Original,f1 sponsorship,37.87093160680237,10825,70581.01766840013,30,19
12314,2024-11-29 13:11:49.546959968,USA-WEST,Original,Social Media,42.045175320633284,212367,196026.03755528497,58,77
12315,2024-10-02 05:18:06.573525160,EUROPE-EU,Original,Social Media,47.856336779981405,54740,127449.209640695,57,21
12316,2023-07-16 20:11:18.947782168,EUROPE-EU,Original,in-store promo,30.629782397959634,216884,206881.13312168,11,64
12317,2023-11-22 11:00:37.529510712,TH-CENTRAL,Original,extreme sports,33.494630510390394,155101,148579.25711692055,47,37
12318,2023-07-30 20:30:38.663608980,USA-EAST,Original,f1 sponsorship,35.89152151195293,76866,86174.90488506727,30,27
12319,2024-05-05 17:07:14.795391592,ASIA-PACIFIC,EnergyShot,TV Ad,36.43656357077663,225675,196952.36227106888,82,55
12320,2023-09-18 19:23:35.194702264,USA-EAST,Original,Social Media,36.22042150531092,93099,100428.7911677887,62,29
12321,2024-07-07 00:05:26.665938968,TH-SOUTH,Original,extreme sports,46.152220051131096,144508,148162.06025360856,73,20
12322,2023-07-27 06:57:17.006701072,TH-EAST,EnergyShot,f1 sponsorship,42.28065288933713,60070,65106.653831381525,38,25
12323,2025-08-21 19:33:29.883589760,TH-EAST,Original,Social Media,40.158104281814076,183214,173573.33088240735,75,70
12324,2025-06-14 13:28:39.056977360,USA-WEST,Original,extreme sports,34.18745435725564,200913,183171.55324325545,19,63
12325,2023-07-31 19:39:34.913211652,TH-EAST,Original,TV Ad,44.475807684425895,117672,125734.84199455671,47,36
12326,2023-11-06 07:59:58.313315896,ASIA-PACIFIC,Sugarfree,Social Media,47.101210229699774,286691,240884.55606421476,70,2
12327,2024-06-01 08:54:46.794171064,TH-CENTRAL,EnergyShot,extreme sports,44.42396565100453,264473,224833.78429641368,53,22
12328,2025-09-20 19:16:58.066512960,ASIA-PACIFIC,Sugarfree,extreme sports,28.031302103829457,218655,191588.18314799893,77,96
12329,2023-12-01 15:14:16.493576752,TH-SOUTH,Sugarfree,extreme sports,40.728027403668136,219348,192730.41489874854,74,16
12330,2023-01-23 01:48:24.183383437,ASIA-PACIFIC,Original,in-store promo,29.022707628842014,97027,100480.34298843025,70,18
12331,2024-05-26 14:36:57.909519624,TH-CENTRAL,Original,Social Media,33.15214440667444,198968,181363.04621768979,28,69
12332,2024-11-03 12:40:14.979053800,TH-CENTRAL,Sugarfree,extreme sports,29.190494006955433,87747,89641.25304710394,73,54
12333,2025-05-20 18:07:16.053391888,ASIA-PACIFIC,Sugarfree,TV Ad,40.075909058987754,74869,78800.64478396442,72,30
12334,2023-11-07 20:09:39.346422152,TH-CENTRAL,Sugarfree,Social Media,41.731798269852135,300265,249893.57884051604,47,45
12335,2024-04-16 08:25:38.389434456,USA-EAST,Original,Social Media,30.289752761318102,190975,174475.18629463483,73,19
12336,2024-09-21 13:48:57.189977288,USA-EAST,Sugarfree,f1 sponsorship,35.67677766089959,145273,136197.57453143812,82,87
12337,2024-09-29 07:17:02.883448304,TH-SOUTH,Sugarfree,in-store promo,37.12473017911084,109307,107632.90457679026,55,34
12338,2024-05-27 19:05:38.465326936,TH-CENTRAL,Original,Social Media,35.38106043521833,183484,170784.0887324455,16,13
12339,2024-08-05 12:27:07.171643320,USA-EAST,Original,in-store promo,30.42050000970386,50693,59918.70164401722,8,43
12340,2025-08-31 16:36:57.899412672,USA-WEST,EnergyShot,f1 sponsorship,36.378955803749506,64699,68936.19810095901,33,62
12341,2024-12-15 07:59:46.551212848,USA-EAST,Original,TV Ad,43.02356095616836,38061,56571.33954807927,44,93
12342,2024-09-04 23:53:44.724153264,TH-EAST,EnergyShot,f1 sponsorship,29.42015329066511,162043,149833.96665253234,87,22
12343,2024-10-20 11:54:27.370809664,TH-EAST,EnergyShot,in-store promo,29.60360028163807,190159,170121.3258374365,8,52
12344,2023-10-28 19:43:19.828216940,USA-WEST,EnergyShot,extreme sports,35.095425836719684,57756,62495.95227156417,6,52
12345,2023-11-30 09:33:37.571882736,ASIA-PACIFIC,Sugarfree,f1 sponsorship,46.8345142323785,222140,194244.8934997833,15,36
12346,2025-03-19 01:13:54.305638680,TH-SOUTH,Sugarfree,f1 sponsorship,41.37145293445828,96000,96079.01430291288,18,73
12347,2024-04-02 06:05:28.381173128,TH-CENTRAL,Original,f1 sponsorship,41.5733991334513,200982,187040.2907539732,5,19
12348,2024-09-08 04:15:03.843628640,TH-EAST,Sugarfree,in-store promo,35.2383998167573,295653,246379.42800704914,10,38
12349,2024-12-14 02:53:32.887335208,TH-EAST,EnergyShot,extreme sports,39.87321582417077,213995,188221.17401077022,75,70
12350,2023-06-20 22:59:30.985173372,ASIA-PACIFIC,Original,TV Ad,28.20262368055487,263808,226638.6105847217,60,79
12351,2023-07-31 08:19:10.080622408,USA-WEST,Original,extreme sports,40.72192092819084,274774,239639.70134861348,41,57
12352,2024-12-05 07:49:35.275788120,EUROPE-EU,Sugarfree,f1 sponsorship,46.26573895152474,44356,147350.2096704631,12,20
12353,2025-02-17 09:16:36.762074744,USA-WEST,Sugarfree,in-store promo,40.25146936689639,216932,190464.99588394136,11,9
12354,2025-02-03 09:33:02.853054896,TH-NORTH,Sugarfree,extreme sports,45.4739718693269,257773,220393.85071116834,84,32
12355,2024-09-05 19:28:55.865417488,USA-WEST,Sugarfree,f1 sponsorship,42.479461109321875,125634,121321.78257487723,73,4
12356,2024-12-10 21:26:47.924789696,USA-WEST,Original,extreme sports,30.411168328073806,98898,102279.46331207898,19,50
12357,2025-08-28 04:43:32.500434192,TH-SOUTH,EnergyShot,Social Media,46.049066145716836,286052,239319.71455566774,49,82
12358,2023-07-26 01:41:56.401196444,USA-EAST,EnergyShot,f1 sponsorship,29.3288768871155,223249,195260.70007376358,35,5
12359,2025-10-12 11:31:51.295201680,ASIA-PACIFIC,Sugarfree,Social Media,38.67934945095527,92299,93936.42667516526,87,20
12360,2025-05-06 13:52:18.834044336,TH-NORTH,EnergyShot,Social Media,30.84274247586915,150245,139816.6785352227,68,87
12361,2025-08-03 18:01:45.357376544,USA-EAST,Original,in-store promo,28.234132214618082,239940,209290.3539075619,36,75
12362,2023-05-15 13:12:54.352909522,TH-SOUTH,EnergyShot,extreme sports,36.44068520255278,175504,159412.59818368842,11,37
12363,2024-08-12 17:54:55.970522904,TH-NORTH,Original,in-store promo,33.900814153083125,196708,179990.4196331778,39,22
12364,2023-06-17 06:41:34.893032474,USA-WEST,Sugarfree,extreme sports,37.72000987595206,231008,200753.64040901046,53,58
12365,2025-11-01 15:18:20.469173552,TH-CENTRAL,EnergyShot,extreme sports,39.54399773469102,196054,174401.83776179614,1,68
12366,2023-04-04 00:11:32.114315910,EUROPE-EU,Sugarfree,Social Media,28.874781446178947,174042,158015.86438443913,49,93
12367,2025-08-31 15:57:23.207078704,ASIA-PACIFIC,Original,extreme sports,30.460065902474913,225657,199922.8568775547,40,44
12368,2023-03-15 05:04:33.598579358,USA-EAST,EnergyShot,in-store promo,39.172847929008505,224041,195512.60708644014,44,34
12369,2024-05-28 18:16:59.928418992,TH-CENTRAL,Original,Social Media,34.86334706345316,190849,175974.48003663577,8,77
12370,2024-04-03 19:26:47.918656120,EUROPE-EU,Sugarfree,extreme sports,42.58346975098896,126967,121957.88267638593,61,42
12371,2023-07-16 05:26:26.493428344,USA-EAST,Sugarfree,extreme sports,41.04583297183879,138122,131162.41844005432,85,9
12372,2025-07-02 20:41:12.765051392,TH-NORTH,Sugarfree,in-store promo,44.912087259798135,292605,244087.70977681948,46,95
12373,2024-08-22 16:01:49.603317344,EUROPE-EU,Original,TV Ad,41.849856533384504,20369,72477.18645830516,4,7
12374,2025-04-09 07:14:47.065082544,TH-NORTH,EnergyShot,extreme sports,36.59862154780296,104888,103700.98345056706,75,68
12375,2024-11-08 10:23:38.452884104,USA-WEST,EnergyShot,Social Media,41.45933244788865,161294,148480.35184086714,0,19
12376,2024-03-17 23:07:26.578491512,ASIA-PACIFIC,Sugarfree,f1 sponsorship,33.50762348510837,254550,217345.93722875716,43,94
12377,2025-06-06 01:15:17.561907456,USA-WEST,EnergyShot,f1 sponsorship,34.126269975564256,80031,82735.13274594556,21,31
12378,2024-03-26 12:33:41.720061992,TH-CENTRAL,EnergyShot,extreme sports,43.779703198415866,106871,105390.92362492197,37,35
12379,2024-12-17 19:13:18.581383400,TH-SOUTH,Original,TV Ad,36.92839032803164,49978,63159.64355904779,18,57
12380,2023-01-30 21:50:55.788317088,USA-WEST,Sugarfree,TV Ad,43.96760681036705,217896,191197.0532101637,79,85
12381,2024-04-06 07:12:55.868163840,ASIA-PACIFIC,Original,f1 sponsorship,44.44844747336557,83484,97641.88709512322,30,61
12382,2023-06-07 22:22:59.264519248,TH-NORTH,Sugarfree,extreme sports,45.15124675322568,134027,127734.95013419009,66,31
12383,2025-06-03 17:52:34.597687840,TH-SOUTH,Sugarfree,Social Media,46.332704716824146,148222,138740.28940593358,86,83
12384,2024-02-24 12:11:05.948257240,ASIA-PACIFIC,EnergyShot,in-store promo,36.619704410265925,270534,228262.78712129113,41,95
12385,2024-01-19 18:17:32.464984140,TH-NORTH,Original,TV Ad,34.377336366422774,133207,132266.05806624738,81,53
12386,2023-11-24 21:44:43.135119264,TH-CENTRAL,Original,f1 sponsorship,39.643974931882276,65725,79045.00398304981,25,32
12387,2025-12-22 04:28:03.325956416,TH-CENTRAL,EnergyShot,in-store promo,35.423448468752554,170109,154862.9876680242,12,66
12388,2025-11-05 12:40:34.949383472,TH-SOUTH,Original,f1 sponsorship,40.02148333600466,279368,242591.59892972594,57,59
12389,2025-02-22 04:10:34.600399288,ASIA-PACIFIC,Sugarfree,TV Ad,42.11171725287649,191193,171537.12821016222,17,10
12390,2024-10-18 06:10:12.476189648,USA-EAST,Original,extreme sports,41.76810036984274,283937,246677.4440921145,66,2
12391,2024-01-04 01:46:03.319484352,TH-CENTRAL,Original,extreme sports,35.491057740402425,247735,218221.46178777402,86,66
12392,2025-11-20 18:21:50.549797408,TH-NORTH,Sugarfree,TV Ad,31.337204033975055,52005,57193.15124268256,2,60
12393,2023-02-15 09:42:59.466630222,ASIA-PACIFIC,EnergyShot,TV Ad,36.61058676924415,205663,181679.91907540837,54,88
12394,2023-07-31 21:00:57.294139140,TH-SOUTH,Original,f1 sponsorship,30.851882881638176,104496,107353.37551157674,57,17
12395,2025-03-18 16:13:33.046008592,USA-WEST,Sugarfree,f1 sponsorship,45.801940703676166,178846,161923.37112894477,62,96
12396,2023-07-17 03:03:43.636646926,TH-NORTH,EnergyShot,TV Ad,34.917549214757145,107028,105869.0381862453,51,16
12397,2024-11-18 04:27:34.165906400,USA-EAST,Sugarfree,extreme sports,31.089194944466477,124522,119774.08332105807,23,16
12398,2023-06-11 11:03:54.088261418,TH-NORTH,EnergyShot,in-store promo,28.508955198115018,278554,234633.74235083588,71,46
12399,2023-04-11 18:34:06.019415158,TH-SOUTH,Sugarfree,in-store promo,40.91644772572968,90250,91328.63697834106,8,39
12400,2023-02-05 01:33:02.951425038,ASIA-PACIFIC,Original,in-store promo,40.738046349094866,253888,224821.8236051661,36,31
12401,2024-06-09 19:36:17.941374016,TH-CENTRAL,EnergyShot,f1 sponsorship,34.812083331625836,50577,56091.56161409936,82,88
12402,2024-02-18 06:41:04.852687408,TH-EAST,Original,f1 sponsorship,29.43423777695302,59534,68175.30767392967,52,1
12403,2023-06-05 18:38:06.550849084,ASIA-PACIFIC,EnergyShot,f1 sponsorship,36.19257789790464,258405,220935.00827685272,79,11
12404,2023-03-21 18:19:03.183598471,TH-CENTRAL,Original,Social Media,34.22434990126787,191230,176111.20618183905,23,85
12405,2024-10-02 21:08:06.060081440,USA-WEST,Original,in-store promo,41.542412794700184,218025,199447.22760791006,20,4
12406,2024-05-26 07:52:58.858883784,ASIA-PACIFIC,Original,Social Media,40.11558498905381,80134,91883.53416437085,39,71
12407,2023-06-09 07:23:30.997022154,TH-EAST,Original,f1 sponsorship,35.2918745639508,165358,157416.69111802068,61,26
12408,2023-07-26 07:23:26.369081348,TH-EAST,Sugarfree,f1 sponsorship,32.3578510850998,226234,197443.84471426095,69,50
12409,2025-12-17 21:17:16.748040640,TH-SOUTH,Sugarfree,f1 sponsorship,47.760719323111836,196048,175462.8274020525,68,12
12410,2025-09-25 03:01:25.359642688,EUROPE-EU,EnergyShot,f1 sponsorship,37.0800324239223,100411,144339.7533782419,13,95
12411,2023-12-27 11:44:55.381961556,TH-NORTH,EnergyShot,f1 sponsorship,41.76548471560474,289816,241956.75728754295,41,81
12412,2023-12-14 09:06:25.001116772,TH-CENTRAL,Sugarfree,Social Media,30.811059351567216,210217,185231.46669068906,49,97
12413,2023-12-11 19:43:33.916346112,EUROPE-EU,EnergyShot,TV Ad,37.71179399318795,154606,231550.16004824758,60,75
12414,2024-11-17 17:40:00.688972528,USA-EAST,EnergyShot,in-store promo,28.55073439738931,225895,195954.10231473626,3,92
12415,2024-01-23 03:04:15.226209924,ASIA-PACIFIC,Original,extreme sports,38.109102358209,216771,197092.70571953664,71,96
12416,2024-01-17 23:31:49.472272028,TH-CENTRAL,EnergyShot,Social Media,47.28034814235404,61115,66003.65395153587,87,65
12417,2025-01-26 19:12:24.133849200,ASIA-PACIFIC,Sugarfree,TV Ad,35.684134259716004,126702,121892.9243707887,74,47
12418,2024-01-26 00:08:18.945008224,TH-SOUTH,Sugarfree,TV Ad,28.779920251498233,261001,221673.8813439317,16,92
12419,2025-10-27 20:36:54.686289840,TH-CENTRAL,EnergyShot,in-store promo,28.61911581838687,96069,96520.77242975119,84,53
12420,2023-08-07 19:58:24.704869568,TH-NORTH,Sugarfree,f1 sponsorship,35.75973519893739,69028,73101.17323129324,56,71
12421,2023-02-06 01:37:00.802363012,EUROPE-EU,Original,extreme sports,31.20049872926388,106333,115221.21132775869,47,2
12422,2025-09-02 02:42:50.983961840,TH-NORTH,Sugarfree,f1 sponsorship,28.467041926563716,93024,94087.57697852279,43,24
12423,2023-11-11 19:25:44.642062444,TH-NORTH,EnergyShot,f1 sponsorship,43.124272279003534,278636,235057.63895863103,44,4
12424,2025-12-13 20:00:27.261283008,EUROPE-EU,EnergyShot,TV Ad,37.170460177637814,140378,223593.32840042622,79,19
12425,2023-07-01 18:50:27.899593524,TH-SOUTH,Sugarfree,extreme sports,33.78489543945309,162684,149936.64605658082,32,26
12426,2025-01-13 14:56:50.005475248,USA-WEST,Original,extreme sports,46.00166366032961,41437,62268.774896773604,30,75
12427,2025-05-14 14:01:46.435530400,USA-WEST,Sugarfree,Social Media,30.322779204010512,220204,192912.46921863125,46,40
12428,2023-04-19 14:35:01.139994632,TH-NORTH,Original,in-store promo,47.11837657910638,179344,174682.34626725293,5,50
12429,2023-08-12 15:31:00.761955512,TH-SOUTH,EnergyShot,in-store promo,34.279334347547056,291995,244110.93414569917,71,43
12430,2023-11-19 09:14:26.409000020,ASIA-PACIFIC,Sugarfree,extreme sports,45.768073446173624,178403,161790.6480540754,70,75
12431,2025-04-06 15:23:26.916808776,ASIA-PACIFIC,Original,f1 sponsorship,40.05885752958923,111003,117278.74468058188,33,67
12432,2025-02-08 12:02:43.313527168,TH-EAST,EnergyShot,f1 sponsorship,44.53414719482975,167533,153804.33871571114,52,12
12433,2023-09-29 05:11:46.192497008,USA-EAST,Original,f1 sponsorship,47.68026326420929,277807,245852.65828090327,13,67
12434,2024-12-08 17:44:38.763815712,TH-CENTRAL,Sugarfree,in-store promo,33.768108756374914,215464,189272.4865066061,15,27
12435,2025-05-18 11:58:24.301640096,TH-NORTH,Original,Social Media,47.22270970815186,191914,184395.22758541023,42,54
12436,2025-10-18 05:21:23.467698592,TH-EAST,EnergyShot,f1 sponsorship,35.789637898048404,98174,98136.31794517708,72,66
12437,2023-03-14 12:49:14.580064098,ASIA-PACIFIC,Original,f1 sponsorship,35.71023809473844,220581,198720.50351212354,73,49
12438,2025-02-23 02:17:17.854136568,TH-CENTRAL,Sugarfree,f1 sponsorship,34.80774208509011,229415,200054.36589435436,80,16
12439,2025-04-18 15:30:18.274539968,TH-SOUTH,Original,Social Media,38.8281521469517,107478,113457.79675518107,11,2
12440,2025-11-24 23:57:03.902984960,TH-NORTH,Sugarfree,Social Media,31.08290086356974,158599,146742.76647814264,69,60
12441,2023-06-01 22:28:50.343033154,TH-SOUTH,Sugarfree,extreme sports,39.07422970716023,111379,108920.6665880912,18,54
12442,2023-03-23 03:05:26.418884223,USA-EAST,Original,in-store promo,38.83409624820008,93236,101741.01406485733,40,30
12443,2025-03-23 19:46:25.388475800,TH-CENTRAL,EnergyShot,f1 sponsorship,43.2380362520974,49995,55179.214049897026,52,84
12444,2023-03-07 16:58:49.501662653,USA-WEST,Original,TV Ad,44.672999238751714,94530,107042.34893066643,28,38
12445,2024-02-01 20:25:41.199752480,TH-NORTH,EnergyShot,in-store promo,36.80882700624848,176778,160793.989975655,69,28
12446,2025-10-21 20:29:32.619422144,EUROPE-EU,EnergyShot,TV Ad,34.04666498702987,10,50320.23750980577,58,25
12447,2025-09-16 23:06:44.466982464,EUROPE-EU,Sugarfree,f1 sponsorship,33.18669794634189,58160,106643.81676193349,63,96
12448,2024-06-19 08:04:05.504555016,USA-EAST,Original,TV Ad,31.89247673409744,262006,226282.06646465,23,10
12449,2023-08-19 18:35:04.300713104,TH-CENTRAL,Original,TV Ad,29.152951643980497,184202,168729.71702147217,15,60
12450,2023-09-21 05:01:04.213062440,USA-WEST,Sugarfree,f1 sponsorship,34.84895957669427,191170,171572.5648161961,51,42
12451,2025-03-20 23:16:41.660159344,ASIA-PACIFIC,Sugarfree,Social Media,33.40495384261567,137671,130672.86100527065,79,40
12452,2024-12-16 08:48:00.260083064,EUROPE-EU,Original,f1 sponsorship,47.32834771732814,67541,185294.4286984822,5,97
12453,2023-07-09 14:06:14.750843336,TH-EAST,EnergyShot,extreme sports,39.15417652500088,86724,87986.55324607182,36,77
12454,2023-08-07 00:35:21.452384968,EUROPE-EU,Original,TV Ad,34.94554078061015,213527,213749.36207683833,84,42
12455,2024-11-16 16:46:35.353630496,TH-CENTRAL,EnergyShot,Social Media,39.609352019873924,69725,73337.82398717996,3,47
12456,2024-05-27 09:56:09.369934160,USA-EAST,Sugarfree,extreme sports,30.78393402691391,204546,181200.27093062186,37,37
12457,2023-12-26 02:56:52.800461404,ASIA-PACIFIC,Sugarfree,extreme sports,36.880874984044056,122804,118229.86516393661,40,80
12458,2023-07-12 14:27:32.141519316,ASIA-PACIFIC,Sugarfree,in-store promo,40.524686428421276,228737,199502.59411649537,80,22
12459,2023-03-10 11:09:43.527800867,USA-WEST,Sugarfree,Social Media,37.77795663584903,176385,159952.910253204,13,57
12460,2023-03-15 12:01:35.404861735,TH-EAST,Sugarfree,Social Media,36.035576013086484,150670,140470.60769574324,70,84
12461,2025-07-19 06:28:01.189673072,TH-SOUTH,EnergyShot,extreme sports,47.87696777799397,80882,83884.4804186494,85,27
12462,2023-02-15 15:59:57.694556261,ASIA-PACIFIC,Original,Social Media,45.60629524297854,183838,177364.29285687057,50,41
12463,2024-12-08 17:12:07.492218888,TH-CENTRAL,EnergyShot,extreme sports,40.4681191631888,293918,244953.96868408262,64,80
12464,2023-09-30 14:15:51.279882172,USA-EAST,Sugarfree,f1 sponsorship,39.387547223645655,250950,215120.684981403,51,34
12465,2025-12-18 05:30:06.178688928,USA-EAST,Original,f1 sponsorship,40.41320959649168,46208,62001.63851780236,29,32
12466,2025-08-14 00:16:29.745559872,TH-NORTH,Sugarfree,f1 sponsorship,32.02624215644867,131643,125245.87567223821,56,90
12467,2023-10-08 19:36:35.932259144,EUROPE-EU,Sugarfree,in-store promo,35.90275486528637,213949,235116.60183805437,78,89
12468,2024-03-28 17:02:07.062851512,USA-EAST,EnergyShot,in-store promo,28.789190657817986,164047,150608.74951140428,81,66
12469,2025-06-25 16:57:37.195183200,TH-EAST,Sugarfree,TV Ad,37.510920749736535,205769,182422.36516163583,29,12
12470,2023-06-26 10:30:15.531347998,ASIA-PACIFIC,Original,in-store promo,38.86049167915326,266138,232519.8691182781,41,40
12471,2023-02-15 02:26:38.824227524,TH-NORTH,Original,in-store promo,32.554994722064194,259574,224758.93808397613,10,73
12472,2024-06-14 12:34:27.478084632,USA-EAST,EnergyShot,TV Ad,47.28057694331028,164486,150364.07510810217,26,76
12473,2023-02-16 21:56:05.428784495,EUROPE-EU,EnergyShot,TV Ad,46.18909221874484,142460,137529.2605315204,23,90
12474,2023-03-26 06:17:36.997537187,TH-NORTH,EnergyShot,f1 sponsorship,42.44286470911812,122862,117938.52369591742,38,73
12475,2024-03-24 12:16:30.322406320,TH-NORTH,Original,extreme sports,38.667732575307255,211890,193803.88863257822,71,10
12476,2024-07-08 14:23:37.384773848,USA-EAST,Original,Social Media,45.3993831929537,94578,107397.35989430865,17,96
12477,2025-06-04 00:19:16.500286208,USA-EAST,EnergyShot,extreme sports,30.61304687646926,101083,99977.52128618002,76,98
12478,2024-12-09 03:39:28.719008936,TH-EAST,EnergyShot,Social Media,43.8101958854977,126584,121249.97892075602,44,48
12479,2023-04-01 04:54:49.986475044,USA-EAST,Original,in-store promo,30.496416279336966,78570,85443.0113757584,87,20
12480,2024-07-04 03:09:08.468921336,ASIA-PACIFIC,Sugarfree,Social Media,43.88421325098811,214312,189023.96318915347,86,39
12481,2024-03-06 15:52:45.283293496,ASIA-PACIFIC,EnergyShot,extreme sports,33.515351365027136,194224,173248.12986612244,11,60
12482,2024-11-15 10:01:59.713832016,USA-WEST,EnergyShot,TV Ad,45.541811620363774,158997,146575.70682316873,48,66
12483,2023-02-13 19:20:40.667585186,TH-NORTH,EnergyShot,extreme sports,46.88084187650796,135492,128065.15585231093,30,65
12484,2024-06-23 05:56:11.213126952,USA-WEST,Sugarfree,in-store promo,30.975919388102312,274911,231812.5085793463,21,51
12485,2025-10-15 05:41:22.062593504,TH-SOUTH,Sugarfree,f1 sponsorship,37.25351210130787,49872,55824.75699782106,43,36
12486,2024-07-17 20:33:48.605585936,USA-EAST,Original,Social Media,47.6197475632537,218104,203821.54870145983,63,24
12487,2023-09-12 03:42:20.453412284,EUROPE-EU,EnergyShot,f1 sponsorship,37.668148719462934,224102,230381.91434977774,76,27
12488,2024-02-18 01:33:18.954492616,TH-EAST,EnergyShot,extreme sports,45.270950450290904,148776,139270.9158859852,24,2
12489,2025-05-04 11:44:07.103680832,USA-WEST,Original,f1 sponsorship,39.774630442626396,165942,160138.09829412936,50,31
12490,2023-04-13 19:14:59.482717299,USA-WEST,Original,TV Ad,35.50659815839204,277859,238892.73757640758,6,57
12491,2024-05-03 16:14:29.403439504,TH-NORTH,Sugarfree,f1 sponsorship,33.715671110517405,91936,92455.50305710288,5,78
12492,2025-09-19 11:50:16.679468576,USA-EAST,Original,TV Ad,32.06446182172174,163404,154026.969556937,23,66
12493,2025-08-14 02:22:27.374102688,USA-WEST,Original,in-store promo,43.235963827553945,143582,144944.22542564257,18,29
12494,2025-06-20 06:10:57.478016928,TH-SOUTH,Sugarfree,f1 sponsorship,35.730810136460555,101545,101678.52957407403,82,15
12495,2023-01-10 16:13:07.118525441,EUROPE-EU,Sugarfree,in-store promo,38.22550924401502,233005,213718.6460746216,8,12
12496,2024-11-20 09:53:12.950917312,EUROPE-EU,EnergyShot,Social Media,37.84650960002364,170627,229920.11895264717,35,28
12497,2023-10-08 17:41:41.743555340,TH-CENTRAL,EnergyShot,extreme sports,39.54558058466262,239612,206386.51595764176,39,84
12498,2024-04-19 10:38:59.078918992,TH-CENTRAL,Sugarfree,Social Media,45.31154291249105,87140,89071.79216972168,23,24
12499,2023-10-02 00:19:37.850691168,TH-EAST,Sugarfree,in-store promo,47.614786871668585,62235,67349.72710027632,47,21
12500,2024-09-23 05:07:01.125293952,TH-SOUTH,Original,Social Media,36.15168417147634,182953,171088.89706106845,62,10
